image,class
abnormal_frame0.jpg,abnormal
abnormal_frame10020.jpg,abnormal
abnormal_frame10050.jpg,abnormal
abnormal_frame10080.jpg,abnormal
abnormal_frame10110.jpg,abnormal
abnormal_frame10140.jpg,abnormal
abnormal_frame10170.jpg,abnormal
abnormal_frame1020.jpg,abnormal
abnormal_frame10200.jpg,abnormal
abnormal_frame10230.jpg,abnormal
abnormal_frame10260.jpg,abnormal
abnormal_frame10290.jpg,abnormal
abnormal_frame10320.jpg,abnormal
abnormal_frame10350.jpg,abnormal
abnormal_frame10380.jpg,abnormal
abnormal_frame10410.jpg,abnormal
abnormal_frame10440.jpg,abnormal
abnormal_frame10470.jpg,abnormal
abnormal_frame1050.jpg,abnormal
abnormal_frame10500.jpg,abnormal
abnormal_frame10530.jpg,abnormal
abnormal_frame10560.jpg,abnormal
abnormal_frame10590.jpg,abnormal
abnormal_frame10620.jpg,abnormal
abnormal_frame10650.jpg,abnormal
abnormal_frame10680.jpg,abnormal
abnormal_frame10710.jpg,abnormal
abnormal_frame10740.jpg,abnormal
abnormal_frame10770.jpg,abnormal
abnormal_frame1080.jpg,abnormal
abnormal_frame10800.jpg,abnormal
abnormal_frame10830.jpg,abnormal
abnormal_frame10860.jpg,abnormal
abnormal_frame10890.jpg,abnormal
abnormal_frame10920.jpg,abnormal
abnormal_frame10950.jpg,abnormal
abnormal_frame10980.jpg,abnormal
abnormal_frame11010.jpg,abnormal
abnormal_frame11040.jpg,abnormal
abnormal_frame11070.jpg,abnormal
abnormal_frame1110.jpg,abnormal
abnormal_frame11100.jpg,abnormal
abnormal_frame11130.jpg,abnormal
abnormal_frame11160.jpg,abnormal
abnormal_frame11190.jpg,abnormal
abnormal_frame11220.jpg,abnormal
abnormal_frame11250.jpg,abnormal
abnormal_frame11280.jpg,abnormal
abnormal_frame11310.jpg,abnormal
abnormal_frame11340.jpg,abnormal
abnormal_frame11370.jpg,abnormal
abnormal_frame1140.jpg,abnormal
abnormal_frame11400.jpg,abnormal
abnormal_frame11430.jpg,abnormal
abnormal_frame11460.jpg,abnormal
abnormal_frame11490.jpg,abnormal
abnormal_frame11520.jpg,abnormal
abnormal_frame11550.jpg,abnormal
abnormal_frame11580.jpg,abnormal
abnormal_frame11610.jpg,abnormal
abnormal_frame11640.jpg,abnormal
abnormal_frame11670.jpg,abnormal
abnormal_frame1170.jpg,abnormal
abnormal_frame11700.jpg,abnormal
abnormal_frame11730.jpg,abnormal
abnormal_frame11760.jpg,abnormal
abnormal_frame11790.jpg,abnormal
abnormal_frame11820.jpg,abnormal
abnormal_frame11850.jpg,abnormal
abnormal_frame11880.jpg,abnormal
abnormal_frame11910.jpg,abnormal
abnormal_frame11940.jpg,abnormal
abnormal_frame11970.jpg,abnormal
abnormal_frame120.jpg,abnormal
abnormal_frame1200.jpg,abnormal
abnormal_frame12000.jpg,abnormal
abnormal_frame12030.jpg,abnormal
abnormal_frame12060.jpg,abnormal
abnormal_frame12090.jpg,abnormal
abnormal_frame12120.jpg,abnormal
abnormal_frame12150.jpg,abnormal
abnormal_frame12180.jpg,abnormal
abnormal_frame12210.jpg,abnormal
abnormal_frame12240.jpg,abnormal
abnormal_frame12270.jpg,abnormal
abnormal_frame1230.jpg,abnormal
abnormal_frame12300.jpg,abnormal
abnormal_frame12330.jpg,abnormal
abnormal_frame12360.jpg,abnormal
abnormal_frame12390.jpg,abnormal
abnormal_frame12420.jpg,abnormal
abnormal_frame12450.jpg,abnormal
abnormal_frame12480.jpg,abnormal
abnormal_frame12510.jpg,abnormal
abnormal_frame12540.jpg,abnormal
abnormal_frame12570.jpg,abnormal
abnormal_frame1260.jpg,abnormal
abnormal_frame12600.jpg,abnormal
abnormal_frame12630.jpg,abnormal
abnormal_frame12660.jpg,abnormal
abnormal_frame12690.jpg,abnormal
abnormal_frame12720.jpg,abnormal
abnormal_frame12750.jpg,abnormal
abnormal_frame12780.jpg,abnormal
abnormal_frame12810.jpg,abnormal
abnormal_frame12840.jpg,abnormal
abnormal_frame12870.jpg,abnormal
abnormal_frame1290.jpg,abnormal
abnormal_frame12900.jpg,abnormal
abnormal_frame12930.jpg,abnormal
abnormal_frame12960.jpg,abnormal
abnormal_frame12990.jpg,abnormal
abnormal_frame13020.jpg,abnormal
abnormal_frame13050.jpg,abnormal
abnormal_frame13080.jpg,abnormal
abnormal_frame13110.jpg,abnormal
abnormal_frame13140.jpg,abnormal
abnormal_frame13170.jpg,abnormal
abnormal_frame1320.jpg,abnormal
abnormal_frame13200.jpg,abnormal
abnormal_frame13230.jpg,abnormal
abnormal_frame13260.jpg,abnormal
abnormal_frame13290.jpg,abnormal
abnormal_frame13320.jpg,abnormal
abnormal_frame13350.jpg,abnormal
abnormal_frame13380.jpg,abnormal
abnormal_frame13410.jpg,abnormal
abnormal_frame13440.jpg,abnormal
abnormal_frame13470.jpg,abnormal
abnormal_frame1350.jpg,abnormal
abnormal_frame13500.jpg,abnormal
abnormal_frame13530.jpg,abnormal
abnormal_frame13560.jpg,abnormal
abnormal_frame13590.jpg,abnormal
abnormal_frame13620.jpg,abnormal
abnormal_frame13650.jpg,abnormal
abnormal_frame13680.jpg,abnormal
abnormal_frame13710.jpg,abnormal
abnormal_frame13740.jpg,abnormal
abnormal_frame13770.jpg,abnormal
abnormal_frame1380.jpg,abnormal
abnormal_frame13800.jpg,abnormal
abnormal_frame13830.jpg,abnormal
abnormal_frame13860.jpg,abnormal
abnormal_frame13890.jpg,abnormal
abnormal_frame13920.jpg,abnormal
abnormal_frame13950.jpg,abnormal
abnormal_frame13980.jpg,abnormal
abnormal_frame14010.jpg,abnormal
abnormal_frame14040.jpg,abnormal
abnormal_frame14070.jpg,abnormal
abnormal_frame1410.jpg,abnormal
abnormal_frame14100.jpg,abnormal
abnormal_frame14130.jpg,abnormal
abnormal_frame14160.jpg,abnormal
abnormal_frame14190.jpg,abnormal
abnormal_frame14220.jpg,abnormal
abnormal_frame14250.jpg,abnormal
abnormal_frame14280.jpg,abnormal
abnormal_frame14310.jpg,abnormal
abnormal_frame14340.jpg,abnormal
abnormal_frame14370.jpg,abnormal
abnormal_frame1440.jpg,abnormal
abnormal_frame14400.jpg,abnormal
abnormal_frame14430.jpg,abnormal
abnormal_frame14460.jpg,abnormal
abnormal_frame14490.jpg,abnormal
abnormal_frame14520.jpg,abnormal
abnormal_frame14550.jpg,abnormal
abnormal_frame14580.jpg,abnormal
abnormal_frame14610.jpg,abnormal
abnormal_frame14640.jpg,abnormal
abnormal_frame14670.jpg,abnormal
abnormal_frame1470.jpg,abnormal
abnormal_frame14700.jpg,abnormal
abnormal_frame14730.jpg,abnormal
abnormal_frame14760.jpg,abnormal
abnormal_frame14790.jpg,abnormal
abnormal_frame14820.jpg,abnormal
abnormal_frame14850.jpg,abnormal
abnormal_frame14880.jpg,abnormal
abnormal_frame14910.jpg,abnormal
abnormal_frame14940.jpg,abnormal
abnormal_frame14970.jpg,abnormal
abnormal_frame150.jpg,abnormal
abnormal_frame1500.jpg,abnormal
abnormal_frame15000.jpg,abnormal
abnormal_frame15030.jpg,abnormal
abnormal_frame15060.jpg,abnormal
abnormal_frame15090.jpg,abnormal
abnormal_frame15120.jpg,abnormal
abnormal_frame15150.jpg,abnormal
abnormal_frame15180.jpg,abnormal
abnormal_frame15210.jpg,abnormal
abnormal_frame15240.jpg,abnormal
abnormal_frame15270.jpg,abnormal
abnormal_frame1530.jpg,abnormal
abnormal_frame15300.jpg,abnormal
abnormal_frame15330.jpg,abnormal
abnormal_frame15360.jpg,abnormal
abnormal_frame15390.jpg,abnormal
abnormal_frame15420.jpg,abnormal
abnormal_frame15450.jpg,abnormal
abnormal_frame15480.jpg,abnormal
abnormal_frame15510.jpg,abnormal
abnormal_frame15540.jpg,abnormal
abnormal_frame15570.jpg,abnormal
abnormal_frame1560.jpg,abnormal
abnormal_frame15600.jpg,abnormal
abnormal_frame15630.jpg,abnormal
abnormal_frame15660.jpg,abnormal
abnormal_frame15690.jpg,abnormal
abnormal_frame15720.jpg,abnormal
abnormal_frame15750.jpg,abnormal
abnormal_frame15780.jpg,abnormal
abnormal_frame15810.jpg,abnormal
abnormal_frame15840.jpg,abnormal
abnormal_frame15870.jpg,abnormal
abnormal_frame1590.jpg,abnormal
abnormal_frame15900.jpg,abnormal
abnormal_frame15930.jpg,abnormal
abnormal_frame15960.jpg,abnormal
abnormal_frame15990.jpg,abnormal
abnormal_frame16020.jpg,abnormal
abnormal_frame16050.jpg,abnormal
abnormal_frame16080.jpg,abnormal
abnormal_frame16110.jpg,abnormal
abnormal_frame16140.jpg,abnormal
abnormal_frame16170.jpg,abnormal
abnormal_frame1620.jpg,abnormal
abnormal_frame16200.jpg,abnormal
abnormal_frame16230.jpg,abnormal
abnormal_frame16260.jpg,abnormal
abnormal_frame16290.jpg,abnormal
abnormal_frame16320.jpg,abnormal
abnormal_frame16350.jpg,abnormal
abnormal_frame16380.jpg,abnormal
abnormal_frame16410.jpg,abnormal
abnormal_frame16440.jpg,abnormal
abnormal_frame16470.jpg,abnormal
abnormal_frame1650.jpg,abnormal
abnormal_frame16500.jpg,abnormal
abnormal_frame16530.jpg,abnormal
abnormal_frame16560.jpg,abnormal
abnormal_frame16590.jpg,abnormal
abnormal_frame16620.jpg,abnormal
abnormal_frame16650.jpg,abnormal
abnormal_frame16680.jpg,abnormal
abnormal_frame16710.jpg,abnormal
abnormal_frame16740.jpg,abnormal
abnormal_frame16770.jpg,abnormal
abnormal_frame1680.jpg,abnormal
abnormal_frame16800.jpg,abnormal
abnormal_frame16830.jpg,abnormal
abnormal_frame16860.jpg,abnormal
abnormal_frame16890.jpg,abnormal
abnormal_frame16920.jpg,abnormal
abnormal_frame16950.jpg,abnormal
abnormal_frame16980.jpg,abnormal
abnormal_frame17010.jpg,abnormal
abnormal_frame17040.jpg,abnormal
abnormal_frame17070.jpg,abnormal
abnormal_frame1710.jpg,abnormal
abnormal_frame17100.jpg,abnormal
abnormal_frame17130.jpg,abnormal
abnormal_frame17160.jpg,abnormal
abnormal_frame17190.jpg,abnormal
abnormal_frame17220.jpg,abnormal
abnormal_frame17250.jpg,abnormal
abnormal_frame17280.jpg,abnormal
abnormal_frame17310.jpg,abnormal
abnormal_frame17340.jpg,abnormal
abnormal_frame17370.jpg,abnormal
abnormal_frame1740.jpg,abnormal
abnormal_frame17400.jpg,abnormal
abnormal_frame17430.jpg,abnormal
abnormal_frame17460.jpg,abnormal
abnormal_frame17490.jpg,abnormal
abnormal_frame17520.jpg,abnormal
abnormal_frame17550.jpg,abnormal
abnormal_frame17580.jpg,abnormal
abnormal_frame17610.jpg,abnormal
abnormal_frame17640.jpg,abnormal
abnormal_frame17670.jpg,abnormal
abnormal_frame1770.jpg,abnormal
abnormal_frame17700.jpg,abnormal
abnormal_frame17730.jpg,abnormal
abnormal_frame17760.jpg,abnormal
abnormal_frame17790.jpg,abnormal
abnormal_frame17820.jpg,abnormal
abnormal_frame17850.jpg,abnormal
abnormal_frame17880.jpg,abnormal
abnormal_frame17910.jpg,abnormal
abnormal_frame17940.jpg,abnormal
abnormal_frame17970.jpg,abnormal
abnormal_frame180.jpg,abnormal
abnormal_frame1800.jpg,abnormal
abnormal_frame18000.jpg,abnormal
abnormal_frame18030.jpg,abnormal
abnormal_frame18060.jpg,abnormal
abnormal_frame18090.jpg,abnormal
abnormal_frame18120.jpg,abnormal
abnormal_frame18150.jpg,abnormal
abnormal_frame18180.jpg,abnormal
abnormal_frame18210.jpg,abnormal
abnormal_frame18240.jpg,abnormal
abnormal_frame18270.jpg,abnormal
abnormal_frame1830.jpg,abnormal
abnormal_frame18300.jpg,abnormal
abnormal_frame18330.jpg,abnormal
abnormal_frame18360.jpg,abnormal
abnormal_frame18390.jpg,abnormal
abnormal_frame18420.jpg,abnormal
abnormal_frame18450.jpg,abnormal
abnormal_frame18480.jpg,abnormal
abnormal_frame18510.jpg,abnormal
abnormal_frame18540.jpg,abnormal
abnormal_frame18570.jpg,abnormal
abnormal_frame1860.jpg,abnormal
abnormal_frame18600.jpg,abnormal
abnormal_frame18630.jpg,abnormal
abnormal_frame18660.jpg,abnormal
abnormal_frame18690.jpg,abnormal
abnormal_frame18720.jpg,abnormal
abnormal_frame18750.jpg,abnormal
abnormal_frame18780.jpg,abnormal
abnormal_frame18810.jpg,abnormal
abnormal_frame18840.jpg,abnormal
abnormal_frame18870.jpg,abnormal
abnormal_frame1890.jpg,abnormal
abnormal_frame18900.jpg,abnormal
abnormal_frame18930.jpg,abnormal
abnormal_frame18960.jpg,abnormal
abnormal_frame18990.jpg,abnormal
abnormal_frame19020.jpg,abnormal
abnormal_frame19050.jpg,abnormal
abnormal_frame19080.jpg,abnormal
abnormal_frame19110.jpg,abnormal
abnormal_frame19140.jpg,abnormal
abnormal_frame19170.jpg,abnormal
abnormal_frame1920.jpg,abnormal
abnormal_frame19200.jpg,abnormal
abnormal_frame19230.jpg,abnormal
abnormal_frame19260.jpg,abnormal
abnormal_frame19290.jpg,abnormal
abnormal_frame19320.jpg,abnormal
abnormal_frame19350.jpg,abnormal
abnormal_frame19380.jpg,abnormal
abnormal_frame19410.jpg,abnormal
abnormal_frame19440.jpg,abnormal
abnormal_frame19470.jpg,abnormal
abnormal_frame1950.jpg,abnormal
abnormal_frame19500.jpg,abnormal
abnormal_frame19530.jpg,abnormal
abnormal_frame19560.jpg,abnormal
abnormal_frame19590.jpg,abnormal
abnormal_frame19620.jpg,abnormal
abnormal_frame19650.jpg,abnormal
abnormal_frame19680.jpg,abnormal
abnormal_frame19710.jpg,abnormal
abnormal_frame19740.jpg,abnormal
abnormal_frame19770.jpg,abnormal
abnormal_frame1980.jpg,abnormal
abnormal_frame19800.jpg,abnormal
abnormal_frame19830.jpg,abnormal
abnormal_frame19860.jpg,abnormal
abnormal_frame19890.jpg,abnormal
abnormal_frame19920.jpg,abnormal
abnormal_frame19950.jpg,abnormal
abnormal_frame19980.jpg,abnormal
abnormal_frame20010.jpg,abnormal
abnormal_frame20040.jpg,abnormal
abnormal_frame20070.jpg,abnormal
abnormal_frame2010.jpg,abnormal
abnormal_frame20100.jpg,abnormal
abnormal_frame20130.jpg,abnormal
abnormal_frame20160.jpg,abnormal
abnormal_frame20190.jpg,abnormal
abnormal_frame20220.jpg,abnormal
abnormal_frame20250.jpg,abnormal
abnormal_frame20280.jpg,abnormal
abnormal_frame20310.jpg,abnormal
abnormal_frame20340.jpg,abnormal
abnormal_frame20370.jpg,abnormal
abnormal_frame2040.jpg,abnormal
abnormal_frame20400.jpg,abnormal
abnormal_frame20430.jpg,abnormal
abnormal_frame20460.jpg,abnormal
abnormal_frame20490.jpg,abnormal
abnormal_frame20520.jpg,abnormal
abnormal_frame20550.jpg,abnormal
abnormal_frame20580.jpg,abnormal
abnormal_frame20610.jpg,abnormal
abnormal_frame20640.jpg,abnormal
abnormal_frame20670.jpg,abnormal
abnormal_frame2070.jpg,abnormal
abnormal_frame20700.jpg,abnormal
abnormal_frame20730.jpg,abnormal
abnormal_frame20760.jpg,abnormal
abnormal_frame20790.jpg,abnormal
abnormal_frame20820.jpg,abnormal
abnormal_frame20850.jpg,abnormal
abnormal_frame20880.jpg,abnormal
abnormal_frame20910.jpg,abnormal
abnormal_frame20940.jpg,abnormal
abnormal_frame20970.jpg,abnormal
abnormal_frame210.jpg,abnormal
abnormal_frame2100.jpg,abnormal
abnormal_frame21000.jpg,abnormal
abnormal_frame21030.jpg,abnormal
abnormal_frame21060.jpg,abnormal
abnormal_frame21090.jpg,abnormal
abnormal_frame21120.jpg,abnormal
abnormal_frame21150.jpg,abnormal
abnormal_frame21180.jpg,abnormal
abnormal_frame21210.jpg,abnormal
abnormal_frame21240.jpg,abnormal
abnormal_frame21270.jpg,abnormal
abnormal_frame2130.jpg,abnormal
abnormal_frame21300.jpg,abnormal
abnormal_frame21330.jpg,abnormal
abnormal_frame21360.jpg,abnormal
abnormal_frame21390.jpg,abnormal
abnormal_frame21420.jpg,abnormal
abnormal_frame21450.jpg,abnormal
abnormal_frame21480.jpg,abnormal
abnormal_frame21510.jpg,abnormal
abnormal_frame21540.jpg,abnormal
abnormal_frame21570.jpg,abnormal
abnormal_frame2160.jpg,abnormal
abnormal_frame21600.jpg,abnormal
abnormal_frame21630.jpg,abnormal
abnormal_frame21660.jpg,abnormal
abnormal_frame21690.jpg,abnormal
abnormal_frame21720.jpg,abnormal
abnormal_frame21750.jpg,abnormal
abnormal_frame21780.jpg,abnormal
abnormal_frame21810.jpg,abnormal
abnormal_frame21840.jpg,abnormal
abnormal_frame21870.jpg,abnormal
abnormal_frame2190.jpg,abnormal
abnormal_frame21900.jpg,abnormal
abnormal_frame21930.jpg,abnormal
abnormal_frame21960.jpg,abnormal
abnormal_frame21990.jpg,abnormal
abnormal_frame22020.jpg,abnormal
abnormal_frame22050.jpg,abnormal
abnormal_frame22080.jpg,abnormal
abnormal_frame22110.jpg,abnormal
abnormal_frame22140.jpg,abnormal
abnormal_frame22170.jpg,abnormal
abnormal_frame2220.jpg,abnormal
abnormal_frame22200.jpg,abnormal
abnormal_frame22230.jpg,abnormal
abnormal_frame22260.jpg,abnormal
abnormal_frame22290.jpg,abnormal
abnormal_frame22320.jpg,abnormal
abnormal_frame22350.jpg,abnormal
abnormal_frame22380.jpg,abnormal
abnormal_frame22410.jpg,abnormal
abnormal_frame22440.jpg,abnormal
abnormal_frame22470.jpg,abnormal
abnormal_frame2250.jpg,abnormal
abnormal_frame22500.jpg,abnormal
abnormal_frame22530.jpg,abnormal
abnormal_frame22560.jpg,abnormal
abnormal_frame22590.jpg,abnormal
abnormal_frame22620.jpg,abnormal
abnormal_frame22650.jpg,abnormal
abnormal_frame22680.jpg,abnormal
abnormal_frame22710.jpg,abnormal
abnormal_frame22740.jpg,abnormal
abnormal_frame22770.jpg,abnormal
abnormal_frame2280.jpg,abnormal
abnormal_frame22800.jpg,abnormal
abnormal_frame22830.jpg,abnormal
abnormal_frame22860.jpg,abnormal
abnormal_frame22890.jpg,abnormal
abnormal_frame22920.jpg,abnormal
abnormal_frame22950.jpg,abnormal
abnormal_frame22980.jpg,abnormal
abnormal_frame23010.jpg,abnormal
abnormal_frame23040.jpg,abnormal
abnormal_frame23070.jpg,abnormal
abnormal_frame2310.jpg,abnormal
abnormal_frame23100.jpg,abnormal
abnormal_frame23130.jpg,abnormal
abnormal_frame23160.jpg,abnormal
abnormal_frame23190.jpg,abnormal
abnormal_frame23220.jpg,abnormal
abnormal_frame23250.jpg,abnormal
abnormal_frame23280.jpg,abnormal
abnormal_frame23310.jpg,abnormal
abnormal_frame23340.jpg,abnormal
abnormal_frame23370.jpg,abnormal
abnormal_frame2340.jpg,abnormal
abnormal_frame23400.jpg,abnormal
abnormal_frame23430.jpg,abnormal
abnormal_frame23460.jpg,abnormal
abnormal_frame23490.jpg,abnormal
abnormal_frame23520.jpg,abnormal
abnormal_frame23550.jpg,abnormal
abnormal_frame23580.jpg,abnormal
abnormal_frame23610.jpg,abnormal
abnormal_frame23640.jpg,abnormal
abnormal_frame23670.jpg,abnormal
abnormal_frame2370.jpg,abnormal
abnormal_frame23700.jpg,abnormal
abnormal_frame23730.jpg,abnormal
abnormal_frame23760.jpg,abnormal
abnormal_frame23790.jpg,abnormal
abnormal_frame23820.jpg,abnormal
abnormal_frame23850.jpg,abnormal
abnormal_frame23880.jpg,abnormal
abnormal_frame23910.jpg,abnormal
abnormal_frame23940.jpg,abnormal
abnormal_frame23970.jpg,abnormal
abnormal_frame240.jpg,abnormal
abnormal_frame2400.jpg,abnormal
abnormal_frame24000.jpg,abnormal
abnormal_frame24030.jpg,abnormal
abnormal_frame24060.jpg,abnormal
abnormal_frame24090.jpg,abnormal
abnormal_frame24120.jpg,abnormal
abnormal_frame24150.jpg,abnormal
abnormal_frame24180.jpg,abnormal
abnormal_frame24210.jpg,abnormal
abnormal_frame24240.jpg,abnormal
abnormal_frame24270.jpg,abnormal
abnormal_frame2430.jpg,abnormal
abnormal_frame24300.jpg,abnormal
abnormal_frame24330.jpg,abnormal
abnormal_frame24360.jpg,abnormal
abnormal_frame24390.jpg,abnormal
abnormal_frame24420.jpg,abnormal
abnormal_frame24450.jpg,abnormal
abnormal_frame24480.jpg,abnormal
abnormal_frame24510.jpg,abnormal
abnormal_frame24540.jpg,abnormal
abnormal_frame24570.jpg,abnormal
abnormal_frame2460.jpg,abnormal
abnormal_frame24600.jpg,abnormal
abnormal_frame24630.jpg,abnormal
abnormal_frame24660.jpg,abnormal
abnormal_frame24690.jpg,abnormal
abnormal_frame24720.jpg,abnormal
abnormal_frame24750.jpg,abnormal
abnormal_frame24780.jpg,abnormal
abnormal_frame24810.jpg,abnormal
abnormal_frame24840.jpg,abnormal
abnormal_frame24870.jpg,abnormal
abnormal_frame2490.jpg,abnormal
abnormal_frame24900.jpg,abnormal
abnormal_frame24930.jpg,abnormal
abnormal_frame24960.jpg,abnormal
abnormal_frame24990.jpg,abnormal
abnormal_frame25020.jpg,abnormal
abnormal_frame25050.jpg,abnormal
abnormal_frame25080.jpg,abnormal
abnormal_frame25110.jpg,abnormal
abnormal_frame25140.jpg,abnormal
abnormal_frame25170.jpg,abnormal
abnormal_frame2520.jpg,abnormal
abnormal_frame25200.jpg,abnormal
abnormal_frame25230.jpg,abnormal
abnormal_frame25260.jpg,abnormal
abnormal_frame25290.jpg,abnormal
abnormal_frame25320.jpg,abnormal
abnormal_frame25350.jpg,abnormal
abnormal_frame25380.jpg,abnormal
abnormal_frame25410.jpg,abnormal
abnormal_frame25440.jpg,abnormal
abnormal_frame25470.jpg,abnormal
abnormal_frame2550.jpg,abnormal
abnormal_frame25500.jpg,abnormal
abnormal_frame25530.jpg,abnormal
abnormal_frame25560.jpg,abnormal
abnormal_frame25590.jpg,abnormal
abnormal_frame25620.jpg,abnormal
abnormal_frame25650.jpg,abnormal
abnormal_frame25680.jpg,abnormal
abnormal_frame25710.jpg,abnormal
abnormal_frame25740.jpg,abnormal
abnormal_frame25770.jpg,abnormal
abnormal_frame2580.jpg,abnormal
abnormal_frame25800.jpg,abnormal
abnormal_frame25830.jpg,abnormal
abnormal_frame25860.jpg,abnormal
abnormal_frame25890.jpg,abnormal
abnormal_frame25920.jpg,abnormal
abnormal_frame25950.jpg,abnormal
abnormal_frame25980.jpg,abnormal
abnormal_frame26010.jpg,abnormal
abnormal_frame26040.jpg,abnormal
abnormal_frame26070.jpg,abnormal
abnormal_frame2610.jpg,abnormal
abnormal_frame26100.jpg,abnormal
abnormal_frame26130.jpg,abnormal
abnormal_frame26160.jpg,abnormal
abnormal_frame26190.jpg,abnormal
abnormal_frame26220.jpg,abnormal
abnormal_frame26250.jpg,abnormal
abnormal_frame26280.jpg,abnormal
abnormal_frame26310.jpg,abnormal
abnormal_frame26340.jpg,abnormal
abnormal_frame26370.jpg,abnormal
abnormal_frame2640.jpg,abnormal
abnormal_frame26400.jpg,abnormal
abnormal_frame26430.jpg,abnormal
abnormal_frame26460.jpg,abnormal
abnormal_frame26490.jpg,abnormal
abnormal_frame26520.jpg,abnormal
abnormal_frame26550.jpg,abnormal
abnormal_frame26580.jpg,abnormal
abnormal_frame26610.jpg,abnormal
abnormal_frame26640.jpg,abnormal
abnormal_frame26670.jpg,abnormal
abnormal_frame2670.jpg,abnormal
abnormal_frame26700.jpg,abnormal
abnormal_frame26730.jpg,abnormal
abnormal_frame26760.jpg,abnormal
abnormal_frame26790.jpg,abnormal
abnormal_frame26820.jpg,abnormal
abnormal_frame26850.jpg,abnormal
abnormal_frame26880.jpg,abnormal
abnormal_frame26910.jpg,abnormal
abnormal_frame26940.jpg,abnormal
abnormal_frame26970.jpg,abnormal
abnormal_frame270.jpg,abnormal
abnormal_frame2700.jpg,abnormal
abnormal_frame27000.jpg,abnormal
abnormal_frame27030.jpg,abnormal
abnormal_frame27060.jpg,abnormal
abnormal_frame27090.jpg,abnormal
abnormal_frame27120.jpg,abnormal
abnormal_frame27150.jpg,abnormal
abnormal_frame27180.jpg,abnormal
abnormal_frame27210.jpg,abnormal
abnormal_frame27240.jpg,abnormal
abnormal_frame27270.jpg,abnormal
abnormal_frame2730.jpg,abnormal
abnormal_frame27300.jpg,abnormal
abnormal_frame27330.jpg,abnormal
abnormal_frame27360.jpg,abnormal
abnormal_frame27390.jpg,abnormal
abnormal_frame27420.jpg,abnormal
abnormal_frame27450.jpg,abnormal
abnormal_frame27480.jpg,abnormal
abnormal_frame27510.jpg,abnormal
abnormal_frame27540.jpg,abnormal
abnormal_frame27570.jpg,abnormal
abnormal_frame2760.jpg,abnormal
abnormal_frame27600.jpg,abnormal
abnormal_frame27630.jpg,abnormal
abnormal_frame27660.jpg,abnormal
abnormal_frame27690.jpg,abnormal
abnormal_frame27720.jpg,abnormal
abnormal_frame27750.jpg,abnormal
abnormal_frame27780.jpg,abnormal
abnormal_frame27810.jpg,abnormal
abnormal_frame27840.jpg,abnormal
abnormal_frame27870.jpg,abnormal
abnormal_frame2790.jpg,abnormal
abnormal_frame27900.jpg,abnormal
abnormal_frame27930.jpg,abnormal
abnormal_frame27960.jpg,abnormal
abnormal_frame27990.jpg,abnormal
abnormal_frame28020.jpg,abnormal
abnormal_frame28050.jpg,abnormal
abnormal_frame28080.jpg,abnormal
abnormal_frame28110.jpg,abnormal
abnormal_frame28140.jpg,abnormal
abnormal_frame28170.jpg,abnormal
abnormal_frame2820.jpg,abnormal
abnormal_frame28200.jpg,abnormal
abnormal_frame28230.jpg,abnormal
abnormal_frame28260.jpg,abnormal
abnormal_frame28290.jpg,abnormal
abnormal_frame28320.jpg,abnormal
abnormal_frame28350.jpg,abnormal
abnormal_frame28380.jpg,abnormal
abnormal_frame28410.jpg,abnormal
abnormal_frame28440.jpg,abnormal
abnormal_frame28470.jpg,abnormal
abnormal_frame2850.jpg,abnormal
abnormal_frame28500.jpg,abnormal
abnormal_frame28530.jpg,abnormal
abnormal_frame28560.jpg,abnormal
abnormal_frame28590.jpg,abnormal
abnormal_frame28620.jpg,abnormal
abnormal_frame28650.jpg,abnormal
abnormal_frame28680.jpg,abnormal
abnormal_frame28710.jpg,abnormal
abnormal_frame28740.jpg,abnormal
abnormal_frame28770.jpg,abnormal
abnormal_frame2880.jpg,abnormal
abnormal_frame28800.jpg,abnormal
abnormal_frame28830.jpg,abnormal
abnormal_frame28860.jpg,abnormal
abnormal_frame28890.jpg,abnormal
abnormal_frame28920.jpg,abnormal
abnormal_frame28950.jpg,abnormal
abnormal_frame28980.jpg,abnormal
abnormal_frame29010.jpg,abnormal
abnormal_frame29040.jpg,abnormal
abnormal_frame29070.jpg,abnormal
abnormal_frame2910.jpg,abnormal
abnormal_frame29100.jpg,abnormal
abnormal_frame29130.jpg,abnormal
abnormal_frame29160.jpg,abnormal
abnormal_frame29190.jpg,abnormal
abnormal_frame29220.jpg,abnormal
abnormal_frame29250.jpg,abnormal
abnormal_frame29280.jpg,abnormal
abnormal_frame29310.jpg,abnormal
abnormal_frame29340.jpg,abnormal
abnormal_frame29370.jpg,abnormal
abnormal_frame2940.jpg,abnormal
abnormal_frame29400.jpg,abnormal
abnormal_frame29430.jpg,abnormal
abnormal_frame29460.jpg,abnormal
abnormal_frame29490.jpg,abnormal
abnormal_frame29520.jpg,abnormal
abnormal_frame29550.jpg,abnormal
abnormal_frame29580.jpg,abnormal
abnormal_frame29610.jpg,abnormal
abnormal_frame29640.jpg,abnormal
abnormal_frame29670.jpg,abnormal
abnormal_frame2970.jpg,abnormal
abnormal_frame29700.jpg,abnormal
abnormal_frame29730.jpg,abnormal
abnormal_frame29760.jpg,abnormal
abnormal_frame29790.jpg,abnormal
abnormal_frame29820.jpg,abnormal
abnormal_frame29850.jpg,abnormal
abnormal_frame29880.jpg,abnormal
abnormal_frame29910.jpg,abnormal
abnormal_frame29940.jpg,abnormal
abnormal_frame29970.jpg,abnormal
abnormal_frame30.jpg,abnormal
abnormal_frame300.jpg,abnormal
abnormal_frame3000.jpg,abnormal
abnormal_frame30000.jpg,abnormal
abnormal_frame30030.jpg,abnormal
abnormal_frame30060.jpg,abnormal
abnormal_frame30090.jpg,abnormal
abnormal_frame30120.jpg,abnormal
abnormal_frame30150.jpg,abnormal
abnormal_frame30180.jpg,abnormal
abnormal_frame30210.jpg,abnormal
abnormal_frame30240.jpg,abnormal
abnormal_frame30270.jpg,abnormal
abnormal_frame3030.jpg,abnormal
abnormal_frame30300.jpg,abnormal
abnormal_frame30330.jpg,abnormal
abnormal_frame30360.jpg,abnormal
abnormal_frame30390.jpg,abnormal
abnormal_frame30420.jpg,abnormal
abnormal_frame30450.jpg,abnormal
abnormal_frame30480.jpg,abnormal
abnormal_frame30510.jpg,abnormal
abnormal_frame30540.jpg,abnormal
abnormal_frame30570.jpg,abnormal
abnormal_frame3060.jpg,abnormal
abnormal_frame30600.jpg,abnormal
abnormal_frame30630.jpg,abnormal
abnormal_frame30660.jpg,abnormal
abnormal_frame30690.jpg,abnormal
abnormal_frame30720.jpg,abnormal
abnormal_frame30750.jpg,abnormal
abnormal_frame30780.jpg,abnormal
abnormal_frame30810.jpg,abnormal
abnormal_frame30840.jpg,abnormal
abnormal_frame30870.jpg,abnormal
abnormal_frame3090.jpg,abnormal
abnormal_frame30900.jpg,abnormal
abnormal_frame30930.jpg,abnormal
abnormal_frame30960.jpg,abnormal
abnormal_frame30990.jpg,abnormal
abnormal_frame31020.jpg,abnormal
abnormal_frame31050.jpg,abnormal
abnormal_frame31080.jpg,abnormal
abnormal_frame31110.jpg,abnormal
abnormal_frame31140.jpg,abnormal
abnormal_frame31170.jpg,abnormal
abnormal_frame3120.jpg,abnormal
abnormal_frame31200.jpg,abnormal
abnormal_frame31230.jpg,abnormal
abnormal_frame31260.jpg,abnormal
abnormal_frame31290.jpg,abnormal
abnormal_frame31320.jpg,abnormal
abnormal_frame31350.jpg,abnormal
abnormal_frame31380.jpg,abnormal
abnormal_frame31410.jpg,abnormal
abnormal_frame31440.jpg,abnormal
abnormal_frame31470.jpg,abnormal
abnormal_frame3150.jpg,abnormal
abnormal_frame31500.jpg,abnormal
abnormal_frame31530.jpg,abnormal
abnormal_frame31560.jpg,abnormal
abnormal_frame31590.jpg,abnormal
abnormal_frame31620.jpg,abnormal
abnormal_frame31650.jpg,abnormal
abnormal_frame31680.jpg,abnormal
abnormal_frame31710.jpg,abnormal
abnormal_frame31740.jpg,abnormal
abnormal_frame31770.jpg,abnormal
abnormal_frame3180.jpg,abnormal
abnormal_frame31800.jpg,abnormal
abnormal_frame31830.jpg,abnormal
abnormal_frame31860.jpg,abnormal
abnormal_frame31890.jpg,abnormal
abnormal_frame31920.jpg,abnormal
abnormal_frame31950.jpg,abnormal
abnormal_frame31980.jpg,abnormal
abnormal_frame32010.jpg,abnormal
abnormal_frame32040.jpg,abnormal
abnormal_frame32070.jpg,abnormal
abnormal_frame3210.jpg,abnormal
abnormal_frame32100.jpg,abnormal
abnormal_frame32130.jpg,abnormal
abnormal_frame32160.jpg,abnormal
abnormal_frame32190.jpg,abnormal
abnormal_frame32220.jpg,abnormal
abnormal_frame32250.jpg,abnormal
abnormal_frame32280.jpg,abnormal
abnormal_frame32310.jpg,abnormal
abnormal_frame32340.jpg,abnormal
abnormal_frame32370.jpg,abnormal
abnormal_frame3240.jpg,abnormal
abnormal_frame32400.jpg,abnormal
abnormal_frame32430.jpg,abnormal
abnormal_frame32460.jpg,abnormal
abnormal_frame32490.jpg,abnormal
abnormal_frame3270.jpg,abnormal
abnormal_frame330.jpg,abnormal
abnormal_frame3300.jpg,abnormal
abnormal_frame3330.jpg,abnormal
abnormal_frame3360.jpg,abnormal
abnormal_frame3390.jpg,abnormal
abnormal_frame3420.jpg,abnormal
abnormal_frame3450.jpg,abnormal
abnormal_frame3480.jpg,abnormal
abnormal_frame3510.jpg,abnormal
abnormal_frame3540.jpg,abnormal
abnormal_frame3570.jpg,abnormal
abnormal_frame360.jpg,abnormal
abnormal_frame3600.jpg,abnormal
abnormal_frame3630.jpg,abnormal
abnormal_frame3660.jpg,abnormal
abnormal_frame3690.jpg,abnormal
abnormal_frame3720.jpg,abnormal
abnormal_frame3750.jpg,abnormal
abnormal_frame3780.jpg,abnormal
abnormal_frame3810.jpg,abnormal
abnormal_frame3840.jpg,abnormal
abnormal_frame3870.jpg,abnormal
abnormal_frame390.jpg,abnormal
abnormal_frame3900.jpg,abnormal
abnormal_frame3930.jpg,abnormal
abnormal_frame3960.jpg,abnormal
abnormal_frame3990.jpg,abnormal
abnormal_frame4020.jpg,abnormal
abnormal_frame4050.jpg,abnormal
abnormal_frame4080.jpg,abnormal
abnormal_frame4110.jpg,abnormal
abnormal_frame4140.jpg,abnormal
abnormal_frame4170.jpg,abnormal
abnormal_frame420.jpg,abnormal
abnormal_frame4200.jpg,abnormal
abnormal_frame4230.jpg,abnormal
abnormal_frame4260.jpg,abnormal
abnormal_frame4290.jpg,abnormal
abnormal_frame4320.jpg,abnormal
abnormal_frame4350.jpg,abnormal
abnormal_frame4380.jpg,abnormal
abnormal_frame4410.jpg,abnormal
abnormal_frame4440.jpg,abnormal
abnormal_frame4470.jpg,abnormal
abnormal_frame450.jpg,abnormal
abnormal_frame4500.jpg,abnormal
abnormal_frame4530.jpg,abnormal
abnormal_frame4560.jpg,abnormal
abnormal_frame4590.jpg,abnormal
abnormal_frame46050.jpg,abnormal
abnormal_frame46080.jpg,abnormal
abnormal_frame46110.jpg,abnormal
abnormal_frame46140.jpg,abnormal
abnormal_frame46170.jpg,abnormal
abnormal_frame4620.jpg,abnormal
abnormal_frame46200.jpg,abnormal
abnormal_frame46230.jpg,abnormal
abnormal_frame46260.jpg,abnormal
abnormal_frame46290.jpg,abnormal
abnormal_frame46320.jpg,abnormal
abnormal_frame46350.jpg,abnormal
abnormal_frame46380.jpg,abnormal
abnormal_frame46410.jpg,abnormal
abnormal_frame46440.jpg,abnormal
abnormal_frame46470.jpg,abnormal
abnormal_frame4650.jpg,abnormal
abnormal_frame46500.jpg,abnormal
abnormal_frame46530.jpg,abnormal
abnormal_frame46560.jpg,abnormal
abnormal_frame46590.jpg,abnormal
abnormal_frame46620.jpg,abnormal
abnormal_frame46650.jpg,abnormal
abnormal_frame46680.jpg,abnormal
abnormal_frame46710.jpg,abnormal
abnormal_frame46740.jpg,abnormal
abnormal_frame46770.jpg,abnormal
abnormal_frame4680.jpg,abnormal
abnormal_frame46800.jpg,abnormal
abnormal_frame46830.jpg,abnormal
abnormal_frame46860.jpg,abnormal
abnormal_frame46890.jpg,abnormal
abnormal_frame46920.jpg,abnormal
abnormal_frame46950.jpg,abnormal
abnormal_frame46980.jpg,abnormal
abnormal_frame47010.jpg,abnormal
abnormal_frame47040.jpg,abnormal
abnormal_frame47070.jpg,abnormal
abnormal_frame4710.jpg,abnormal
abnormal_frame47100.jpg,abnormal
abnormal_frame47130.jpg,abnormal
abnormal_frame47160.jpg,abnormal
abnormal_frame47190.jpg,abnormal
abnormal_frame47220.jpg,abnormal
abnormal_frame47250.jpg,abnormal
abnormal_frame47280.jpg,abnormal
abnormal_frame47310.jpg,abnormal
abnormal_frame47340.jpg,abnormal
abnormal_frame47370.jpg,abnormal
abnormal_frame4740.jpg,abnormal
abnormal_frame47400.jpg,abnormal
abnormal_frame47430.jpg,abnormal
abnormal_frame47460.jpg,abnormal
abnormal_frame47490.jpg,abnormal
abnormal_frame47520.jpg,abnormal
abnormal_frame47550.jpg,abnormal
abnormal_frame47580.jpg,abnormal
abnormal_frame47610.jpg,abnormal
abnormal_frame47640.jpg,abnormal
abnormal_frame47670.jpg,abnormal
abnormal_frame4770.jpg,abnormal
abnormal_frame47700.jpg,abnormal
abnormal_frame47730.jpg,abnormal
abnormal_frame47760.jpg,abnormal
abnormal_frame47790.jpg,abnormal
abnormal_frame47820.jpg,abnormal
abnormal_frame47850.jpg,abnormal
abnormal_frame47880.jpg,abnormal
abnormal_frame47910.jpg,abnormal
abnormal_frame47940.jpg,abnormal
abnormal_frame47970.jpg,abnormal
abnormal_frame480.jpg,abnormal
abnormal_frame4800.jpg,abnormal
abnormal_frame48000.jpg,abnormal
abnormal_frame48030.jpg,abnormal
abnormal_frame48060.jpg,abnormal
abnormal_frame48090.jpg,abnormal
abnormal_frame48120.jpg,abnormal
abnormal_frame48150.jpg,abnormal
abnormal_frame48180.jpg,abnormal
abnormal_frame48210.jpg,abnormal
abnormal_frame48240.jpg,abnormal
abnormal_frame48270.jpg,abnormal
abnormal_frame4830.jpg,abnormal
abnormal_frame48300.jpg,abnormal
abnormal_frame48330.jpg,abnormal
abnormal_frame48360.jpg,abnormal
abnormal_frame48390.jpg,abnormal
abnormal_frame48420.jpg,abnormal
abnormal_frame48450.jpg,abnormal
abnormal_frame48480.jpg,abnormal
abnormal_frame48510.jpg,abnormal
abnormal_frame48540.jpg,abnormal
abnormal_frame48570.jpg,abnormal
abnormal_frame4860.jpg,abnormal
abnormal_frame48600.jpg,abnormal
abnormal_frame48630.jpg,abnormal
abnormal_frame48660.jpg,abnormal
abnormal_frame48690.jpg,abnormal
abnormal_frame48720.jpg,abnormal
abnormal_frame48750.jpg,abnormal
abnormal_frame48780.jpg,abnormal
abnormal_frame48810.jpg,abnormal
abnormal_frame48840.jpg,abnormal
abnormal_frame48870.jpg,abnormal
abnormal_frame4890.jpg,abnormal
abnormal_frame48900.jpg,abnormal
abnormal_frame48930.jpg,abnormal
abnormal_frame48960.jpg,abnormal
abnormal_frame48990.jpg,abnormal
abnormal_frame49020.jpg,abnormal
abnormal_frame49050.jpg,abnormal
abnormal_frame49080.jpg,abnormal
abnormal_frame49110.jpg,abnormal
abnormal_frame49140.jpg,abnormal
abnormal_frame49170.jpg,abnormal
abnormal_frame4920.jpg,abnormal
abnormal_frame49200.jpg,abnormal
abnormal_frame49230.jpg,abnormal
abnormal_frame49260.jpg,abnormal
abnormal_frame49290.jpg,abnormal
abnormal_frame49320.jpg,abnormal
abnormal_frame49350.jpg,abnormal
abnormal_frame49380.jpg,abnormal
abnormal_frame49410.jpg,abnormal
abnormal_frame49440.jpg,abnormal
abnormal_frame49470.jpg,abnormal
abnormal_frame4950.jpg,abnormal
abnormal_frame49500.jpg,abnormal
abnormal_frame49530.jpg,abnormal
abnormal_frame49560.jpg,abnormal
abnormal_frame49590.jpg,abnormal
abnormal_frame49620.jpg,abnormal
abnormal_frame49650.jpg,abnormal
abnormal_frame49680.jpg,abnormal
abnormal_frame49710.jpg,abnormal
abnormal_frame49740.jpg,abnormal
abnormal_frame49770.jpg,abnormal
abnormal_frame4980.jpg,abnormal
abnormal_frame49800.jpg,abnormal
abnormal_frame49830.jpg,abnormal
abnormal_frame49860.jpg,abnormal
abnormal_frame49890.jpg,abnormal
abnormal_frame49920.jpg,abnormal
abnormal_frame49950.jpg,abnormal
abnormal_frame49980.jpg,abnormal
abnormal_frame50010.jpg,abnormal
abnormal_frame50040.jpg,abnormal
abnormal_frame50070.jpg,abnormal
abnormal_frame5010.jpg,abnormal
abnormal_frame50100.jpg,abnormal
abnormal_frame50130.jpg,abnormal
abnormal_frame50160.jpg,abnormal
abnormal_frame50190.jpg,abnormal
abnormal_frame50220.jpg,abnormal
abnormal_frame50250.jpg,abnormal
abnormal_frame50280.jpg,abnormal
abnormal_frame50310.jpg,abnormal
abnormal_frame50340.jpg,abnormal
abnormal_frame50370.jpg,abnormal
abnormal_frame5040.jpg,abnormal
abnormal_frame50400.jpg,abnormal
abnormal_frame50430.jpg,abnormal
abnormal_frame50460.jpg,abnormal
abnormal_frame50490.jpg,abnormal
abnormal_frame50520.jpg,abnormal
abnormal_frame50550.jpg,abnormal
abnormal_frame50580.jpg,abnormal
abnormal_frame50610.jpg,abnormal
abnormal_frame50640.jpg,abnormal
abnormal_frame50670.jpg,abnormal
abnormal_frame5070.jpg,abnormal
abnormal_frame50700.jpg,abnormal
abnormal_frame50730.jpg,abnormal
abnormal_frame50760.jpg,abnormal
abnormal_frame50790.jpg,abnormal
abnormal_frame50820.jpg,abnormal
abnormal_frame50850.jpg,abnormal
abnormal_frame50880.jpg,abnormal
abnormal_frame50910.jpg,abnormal
abnormal_frame50940.jpg,abnormal
abnormal_frame50970.jpg,abnormal
abnormal_frame510.jpg,abnormal
abnormal_frame5100.jpg,abnormal
abnormal_frame51000.jpg,abnormal
abnormal_frame51030.jpg,abnormal
abnormal_frame51060.jpg,abnormal
abnormal_frame51090.jpg,abnormal
abnormal_frame51120.jpg,abnormal
abnormal_frame51150.jpg,abnormal
abnormal_frame51180.jpg,abnormal
abnormal_frame51210.jpg,abnormal
abnormal_frame51240.jpg,abnormal
abnormal_frame51270.jpg,abnormal
abnormal_frame5130.jpg,abnormal
abnormal_frame51300.jpg,abnormal
abnormal_frame51330.jpg,abnormal
abnormal_frame51360.jpg,abnormal
abnormal_frame51390.jpg,abnormal
abnormal_frame51420.jpg,abnormal
abnormal_frame51450.jpg,abnormal
abnormal_frame51480.jpg,abnormal
abnormal_frame51510.jpg,abnormal
abnormal_frame51540.jpg,abnormal
abnormal_frame51570.jpg,abnormal
abnormal_frame5160.jpg,abnormal
abnormal_frame51600.jpg,abnormal
abnormal_frame51630.jpg,abnormal
abnormal_frame51660.jpg,abnormal
abnormal_frame51690.jpg,abnormal
abnormal_frame51720.jpg,abnormal
abnormal_frame51750.jpg,abnormal
abnormal_frame51780.jpg,abnormal
abnormal_frame51810.jpg,abnormal
abnormal_frame51840.jpg,abnormal
abnormal_frame51870.jpg,abnormal
abnormal_frame5190.jpg,abnormal
abnormal_frame51900.jpg,abnormal
abnormal_frame51930.jpg,abnormal
abnormal_frame51960.jpg,abnormal
abnormal_frame51990.jpg,abnormal
abnormal_frame52020.jpg,abnormal
abnormal_frame52050.jpg,abnormal
abnormal_frame52080.jpg,abnormal
abnormal_frame52110.jpg,abnormal
abnormal_frame52140.jpg,abnormal
abnormal_frame52170.jpg,abnormal
abnormal_frame5220.jpg,abnormal
abnormal_frame52200.jpg,abnormal
abnormal_frame52230.jpg,abnormal
abnormal_frame52260.jpg,abnormal
abnormal_frame52290.jpg,abnormal
abnormal_frame52320.jpg,abnormal
abnormal_frame52350.jpg,abnormal
abnormal_frame52380.jpg,abnormal
abnormal_frame52410.jpg,abnormal
abnormal_frame52440.jpg,abnormal
abnormal_frame52470.jpg,abnormal
abnormal_frame5250.jpg,abnormal
abnormal_frame52500.jpg,abnormal
abnormal_frame52530.jpg,abnormal
abnormal_frame52560.jpg,abnormal
abnormal_frame52590.jpg,abnormal
abnormal_frame52620.jpg,abnormal
abnormal_frame52650.jpg,abnormal
abnormal_frame52680.jpg,abnormal
abnormal_frame52710.jpg,abnormal
abnormal_frame52740.jpg,abnormal
abnormal_frame52770.jpg,abnormal
abnormal_frame5280.jpg,abnormal
abnormal_frame52800.jpg,abnormal
abnormal_frame52830.jpg,abnormal
abnormal_frame52860.jpg,abnormal
abnormal_frame52890.jpg,abnormal
abnormal_frame52920.jpg,abnormal
abnormal_frame52950.jpg,abnormal
abnormal_frame52980.jpg,abnormal
abnormal_frame53010.jpg,abnormal
abnormal_frame53040.jpg,abnormal
abnormal_frame53070.jpg,abnormal
abnormal_frame5310.jpg,abnormal
abnormal_frame53100.jpg,abnormal
abnormal_frame53130.jpg,abnormal
abnormal_frame53160.jpg,abnormal
abnormal_frame53190.jpg,abnormal
abnormal_frame53220.jpg,abnormal
abnormal_frame53250.jpg,abnormal
abnormal_frame53280.jpg,abnormal
abnormal_frame53310.jpg,abnormal
abnormal_frame53340.jpg,abnormal
abnormal_frame53370.jpg,abnormal
abnormal_frame5340.jpg,abnormal
abnormal_frame53400.jpg,abnormal
abnormal_frame53430.jpg,abnormal
abnormal_frame53460.jpg,abnormal
abnormal_frame53490.jpg,abnormal
abnormal_frame53520.jpg,abnormal
abnormal_frame53550.jpg,abnormal
abnormal_frame53580.jpg,abnormal
abnormal_frame53610.jpg,abnormal
abnormal_frame53640.jpg,abnormal
abnormal_frame53670.jpg,abnormal
abnormal_frame5370.jpg,abnormal
abnormal_frame53700.jpg,abnormal
abnormal_frame53730.jpg,abnormal
abnormal_frame53760.jpg,abnormal
abnormal_frame53790.jpg,abnormal
abnormal_frame53820.jpg,abnormal
abnormal_frame53850.jpg,abnormal
abnormal_frame53880.jpg,abnormal
abnormal_frame53910.jpg,abnormal
abnormal_frame53940.jpg,abnormal
abnormal_frame53970.jpg,abnormal
abnormal_frame540.jpg,abnormal
abnormal_frame5400.jpg,abnormal
abnormal_frame54000.jpg,abnormal
abnormal_frame54030.jpg,abnormal
abnormal_frame54060.jpg,abnormal
abnormal_frame54090.jpg,abnormal
abnormal_frame54120.jpg,abnormal
abnormal_frame54150.jpg,abnormal
abnormal_frame54180.jpg,abnormal
abnormal_frame54210.jpg,abnormal
abnormal_frame54240.jpg,abnormal
abnormal_frame54270.jpg,abnormal
abnormal_frame5430.jpg,abnormal
abnormal_frame54300.jpg,abnormal
abnormal_frame54330.jpg,abnormal
abnormal_frame54360.jpg,abnormal
abnormal_frame54390.jpg,abnormal
abnormal_frame54420.jpg,abnormal
abnormal_frame54450.jpg,abnormal
abnormal_frame54480.jpg,abnormal
abnormal_frame54510.jpg,abnormal
abnormal_frame54540.jpg,abnormal
abnormal_frame54570.jpg,abnormal
abnormal_frame5460.jpg,abnormal
abnormal_frame54600.jpg,abnormal
abnormal_frame54630.jpg,abnormal
abnormal_frame54660.jpg,abnormal
abnormal_frame54690.jpg,abnormal
abnormal_frame54720.jpg,abnormal
abnormal_frame54750.jpg,abnormal
abnormal_frame54780.jpg,abnormal
abnormal_frame54810.jpg,abnormal
abnormal_frame54840.jpg,abnormal
abnormal_frame54870.jpg,abnormal
abnormal_frame5490.jpg,abnormal
abnormal_frame54900.jpg,abnormal
abnormal_frame54930.jpg,abnormal
abnormal_frame54960.jpg,abnormal
abnormal_frame54990.jpg,abnormal
abnormal_frame55020.jpg,abnormal
abnormal_frame55050.jpg,abnormal
abnormal_frame55080.jpg,abnormal
abnormal_frame55110.jpg,abnormal
abnormal_frame55140.jpg,abnormal
abnormal_frame55170.jpg,abnormal
abnormal_frame5520.jpg,abnormal
abnormal_frame55200.jpg,abnormal
abnormal_frame55230.jpg,abnormal
abnormal_frame55260.jpg,abnormal
abnormal_frame55290.jpg,abnormal
abnormal_frame55320.jpg,abnormal
abnormal_frame55350.jpg,abnormal
abnormal_frame55380.jpg,abnormal
abnormal_frame55410.jpg,abnormal
abnormal_frame55440.jpg,abnormal
abnormal_frame55470.jpg,abnormal
abnormal_frame5550.jpg,abnormal
abnormal_frame55500.jpg,abnormal
abnormal_frame55530.jpg,abnormal
abnormal_frame55560.jpg,abnormal
abnormal_frame55590.jpg,abnormal
abnormal_frame55620.jpg,abnormal
abnormal_frame55650.jpg,abnormal
abnormal_frame55680.jpg,abnormal
abnormal_frame55710.jpg,abnormal
abnormal_frame55740.jpg,abnormal
abnormal_frame55770.jpg,abnormal
abnormal_frame5580.jpg,abnormal
abnormal_frame55800.jpg,abnormal
abnormal_frame55830.jpg,abnormal
abnormal_frame55860.jpg,abnormal
abnormal_frame55890.jpg,abnormal
abnormal_frame55920.jpg,abnormal
abnormal_frame55950.jpg,abnormal
abnormal_frame55980.jpg,abnormal
abnormal_frame56010.jpg,abnormal
abnormal_frame56040.jpg,abnormal
abnormal_frame56070.jpg,abnormal
abnormal_frame5610.jpg,abnormal
abnormal_frame56100.jpg,abnormal
abnormal_frame56130.jpg,abnormal
abnormal_frame56160.jpg,abnormal
abnormal_frame56190.jpg,abnormal
abnormal_frame56220.jpg,abnormal
abnormal_frame56250.jpg,abnormal
abnormal_frame56280.jpg,abnormal
abnormal_frame56310.jpg,abnormal
abnormal_frame56340.jpg,abnormal
abnormal_frame56370.jpg,abnormal
abnormal_frame5640.jpg,abnormal
abnormal_frame56400.jpg,abnormal
abnormal_frame56430.jpg,abnormal
abnormal_frame56460.jpg,abnormal
abnormal_frame56490.jpg,abnormal
abnormal_frame56520.jpg,abnormal
abnormal_frame56550.jpg,abnormal
abnormal_frame56580.jpg,abnormal
abnormal_frame56610.jpg,abnormal
abnormal_frame56640.jpg,abnormal
abnormal_frame56670.jpg,abnormal
abnormal_frame5670.jpg,abnormal
abnormal_frame56700.jpg,abnormal
abnormal_frame56730.jpg,abnormal
abnormal_frame56760.jpg,abnormal
abnormal_frame56790.jpg,abnormal
abnormal_frame56820.jpg,abnormal
abnormal_frame56850.jpg,abnormal
abnormal_frame56880.jpg,abnormal
abnormal_frame56910.jpg,abnormal
abnormal_frame56940.jpg,abnormal
abnormal_frame56970.jpg,abnormal
abnormal_frame570.jpg,abnormal
abnormal_frame5700.jpg,abnormal
abnormal_frame57000.jpg,abnormal
abnormal_frame57030.jpg,abnormal
abnormal_frame57060.jpg,abnormal
abnormal_frame57090.jpg,abnormal
abnormal_frame57120.jpg,abnormal
abnormal_frame57150.jpg,abnormal
abnormal_frame57180.jpg,abnormal
abnormal_frame57210.jpg,abnormal
abnormal_frame57240.jpg,abnormal
abnormal_frame57270.jpg,abnormal
abnormal_frame5730.jpg,abnormal
abnormal_frame57300.jpg,abnormal
abnormal_frame57330.jpg,abnormal
abnormal_frame57360.jpg,abnormal
abnormal_frame57390.jpg,abnormal
abnormal_frame57420.jpg,abnormal
abnormal_frame57450.jpg,abnormal
abnormal_frame57480.jpg,abnormal
abnormal_frame57510.jpg,abnormal
abnormal_frame57540.jpg,abnormal
abnormal_frame57570.jpg,abnormal
abnormal_frame5760.jpg,abnormal
abnormal_frame57600.jpg,abnormal
abnormal_frame57630.jpg,abnormal
abnormal_frame57660.jpg,abnormal
abnormal_frame57690.jpg,abnormal
abnormal_frame57720.jpg,abnormal
abnormal_frame57750.jpg,abnormal
abnormal_frame57780.jpg,abnormal
abnormal_frame57810.jpg,abnormal
abnormal_frame57840.jpg,abnormal
abnormal_frame57870.jpg,abnormal
abnormal_frame5790.jpg,abnormal
abnormal_frame57900.jpg,abnormal
abnormal_frame57930.jpg,abnormal
abnormal_frame57960.jpg,abnormal
abnormal_frame57990.jpg,abnormal
abnormal_frame58020.jpg,abnormal
abnormal_frame58050.jpg,abnormal
abnormal_frame58080.jpg,abnormal
abnormal_frame58110.jpg,abnormal
abnormal_frame58140.jpg,abnormal
abnormal_frame58170.jpg,abnormal
abnormal_frame5820.jpg,abnormal
abnormal_frame58200.jpg,abnormal
abnormal_frame58230.jpg,abnormal
abnormal_frame58260.jpg,abnormal
abnormal_frame58290.jpg,abnormal
abnormal_frame58320.jpg,abnormal
abnormal_frame58350.jpg,abnormal
abnormal_frame58380.jpg,abnormal
abnormal_frame58410.jpg,abnormal
abnormal_frame58440.jpg,abnormal
abnormal_frame58470.jpg,abnormal
abnormal_frame5850.jpg,abnormal
abnormal_frame58500.jpg,abnormal
abnormal_frame58530.jpg,abnormal
abnormal_frame58560.jpg,abnormal
abnormal_frame58590.jpg,abnormal
abnormal_frame58620.jpg,abnormal
abnormal_frame58650.jpg,abnormal
abnormal_frame58680.jpg,abnormal
abnormal_frame58710.jpg,abnormal
abnormal_frame58740.jpg,abnormal
abnormal_frame58770.jpg,abnormal
abnormal_frame5880.jpg,abnormal
abnormal_frame58800.jpg,abnormal
abnormal_frame58830.jpg,abnormal
abnormal_frame58860.jpg,abnormal
abnormal_frame58890.jpg,abnormal
abnormal_frame58920.jpg,abnormal
abnormal_frame58950.jpg,abnormal
abnormal_frame58980.jpg,abnormal
abnormal_frame59010.jpg,abnormal
abnormal_frame59040.jpg,abnormal
abnormal_frame59070.jpg,abnormal
abnormal_frame5910.jpg,abnormal
abnormal_frame59100.jpg,abnormal
abnormal_frame59130.jpg,abnormal
abnormal_frame59160.jpg,abnormal
abnormal_frame59190.jpg,abnormal
abnormal_frame59220.jpg,abnormal
abnormal_frame59250.jpg,abnormal
abnormal_frame59280.jpg,abnormal
abnormal_frame59310.jpg,abnormal
abnormal_frame59340.jpg,abnormal
abnormal_frame59370.jpg,abnormal
abnormal_frame5940.jpg,abnormal
abnormal_frame59400.jpg,abnormal
abnormal_frame59430.jpg,abnormal
abnormal_frame59460.jpg,abnormal
abnormal_frame59490.jpg,abnormal
abnormal_frame59520.jpg,abnormal
abnormal_frame59550.jpg,abnormal
abnormal_frame59580.jpg,abnormal
abnormal_frame59610.jpg,abnormal
abnormal_frame59640.jpg,abnormal
abnormal_frame59670.jpg,abnormal
abnormal_frame5970.jpg,abnormal
abnormal_frame59700.jpg,abnormal
abnormal_frame59730.jpg,abnormal
abnormal_frame59760.jpg,abnormal
abnormal_frame59790.jpg,abnormal
abnormal_frame59820.jpg,abnormal
abnormal_frame59850.jpg,abnormal
abnormal_frame59880.jpg,abnormal
abnormal_frame59910.jpg,abnormal
abnormal_frame59940.jpg,abnormal
abnormal_frame59970.jpg,abnormal
abnormal_frame60.jpg,abnormal
abnormal_frame600.jpg,abnormal
abnormal_frame6000.jpg,abnormal
abnormal_frame60000.jpg,abnormal
abnormal_frame60030.jpg,abnormal
abnormal_frame60060.jpg,abnormal
abnormal_frame60090.jpg,abnormal
abnormal_frame60120.jpg,abnormal
abnormal_frame60150.jpg,abnormal
abnormal_frame60180.jpg,abnormal
abnormal_frame60210.jpg,abnormal
abnormal_frame60240.jpg,abnormal
abnormal_frame60270.jpg,abnormal
abnormal_frame6030.jpg,abnormal
abnormal_frame60300.jpg,abnormal
abnormal_frame60330.jpg,abnormal
abnormal_frame60360.jpg,abnormal
abnormal_frame60390.jpg,abnormal
abnormal_frame60420.jpg,abnormal
abnormal_frame60450.jpg,abnormal
abnormal_frame60480.jpg,abnormal
abnormal_frame60510.jpg,abnormal
abnormal_frame60540.jpg,abnormal
abnormal_frame60570.jpg,abnormal
abnormal_frame6060.jpg,abnormal
abnormal_frame60600.jpg,abnormal
abnormal_frame60630.jpg,abnormal
abnormal_frame60660.jpg,abnormal
abnormal_frame60690.jpg,abnormal
abnormal_frame60720.jpg,abnormal
abnormal_frame60750.jpg,abnormal
abnormal_frame60780.jpg,abnormal
abnormal_frame60810.jpg,abnormal
abnormal_frame60840.jpg,abnormal
abnormal_frame60870.jpg,abnormal
abnormal_frame6090.jpg,abnormal
abnormal_frame60900.jpg,abnormal
abnormal_frame60930.jpg,abnormal
abnormal_frame60960.jpg,abnormal
abnormal_frame60990.jpg,abnormal
abnormal_frame61020.jpg,abnormal
abnormal_frame61050.jpg,abnormal
abnormal_frame61080.jpg,abnormal
abnormal_frame61110.jpg,abnormal
abnormal_frame61140.jpg,abnormal
abnormal_frame61170.jpg,abnormal
abnormal_frame6120.jpg,abnormal
abnormal_frame61200.jpg,abnormal
abnormal_frame61230.jpg,abnormal
abnormal_frame61260.jpg,abnormal
abnormal_frame61290.jpg,abnormal
abnormal_frame61320.jpg,abnormal
abnormal_frame61350.jpg,abnormal
abnormal_frame61380.jpg,abnormal
abnormal_frame61410.jpg,abnormal
abnormal_frame61440.jpg,abnormal
abnormal_frame61470.jpg,abnormal
abnormal_frame6150.jpg,abnormal
abnormal_frame61500.jpg,abnormal
abnormal_frame61530.jpg,abnormal
abnormal_frame61560.jpg,abnormal
abnormal_frame61590.jpg,abnormal
abnormal_frame61620.jpg,abnormal
abnormal_frame61650.jpg,abnormal
abnormal_frame61680.jpg,abnormal
abnormal_frame61710.jpg,abnormal
abnormal_frame61740.jpg,abnormal
abnormal_frame61770.jpg,abnormal
abnormal_frame6180.jpg,abnormal
abnormal_frame61800.jpg,abnormal
abnormal_frame61830.jpg,abnormal
abnormal_frame61860.jpg,abnormal
abnormal_frame61890.jpg,abnormal
abnormal_frame61920.jpg,abnormal
abnormal_frame61950.jpg,abnormal
abnormal_frame61980.jpg,abnormal
abnormal_frame62010.jpg,abnormal
abnormal_frame62040.jpg,abnormal
abnormal_frame62070.jpg,abnormal
abnormal_frame6210.jpg,abnormal
abnormal_frame62100.jpg,abnormal
abnormal_frame62130.jpg,abnormal
abnormal_frame62160.jpg,abnormal
abnormal_frame62190.jpg,abnormal
abnormal_frame62220.jpg,abnormal
abnormal_frame62250.jpg,abnormal
abnormal_frame62280.jpg,abnormal
abnormal_frame62310.jpg,abnormal
abnormal_frame62340.jpg,abnormal
abnormal_frame62370.jpg,abnormal
abnormal_frame6240.jpg,abnormal
abnormal_frame62400.jpg,abnormal
abnormal_frame62430.jpg,abnormal
abnormal_frame62460.jpg,abnormal
abnormal_frame62490.jpg,abnormal
abnormal_frame62520.jpg,abnormal
abnormal_frame62550.jpg,abnormal
abnormal_frame62580.jpg,abnormal
abnormal_frame62610.jpg,abnormal
abnormal_frame62640.jpg,abnormal
abnormal_frame62670.jpg,abnormal
abnormal_frame6270.jpg,abnormal
abnormal_frame62700.jpg,abnormal
abnormal_frame62730.jpg,abnormal
abnormal_frame62760.jpg,abnormal
abnormal_frame62790.jpg,abnormal
abnormal_frame62820.jpg,abnormal
abnormal_frame62850.jpg,abnormal
abnormal_frame62880.jpg,abnormal
abnormal_frame62910.jpg,abnormal
abnormal_frame62940.jpg,abnormal
abnormal_frame62970.jpg,abnormal
abnormal_frame630.jpg,abnormal
abnormal_frame6300.jpg,abnormal
abnormal_frame63000.jpg,abnormal
abnormal_frame63030.jpg,abnormal
abnormal_frame63060.jpg,abnormal
abnormal_frame63090.jpg,abnormal
abnormal_frame63120.jpg,abnormal
abnormal_frame63150.jpg,abnormal
abnormal_frame63180.jpg,abnormal
abnormal_frame63210.jpg,abnormal
abnormal_frame63240.jpg,abnormal
abnormal_frame63270.jpg,abnormal
abnormal_frame6330.jpg,abnormal
abnormal_frame63300.jpg,abnormal
abnormal_frame63330.jpg,abnormal
abnormal_frame63360.jpg,abnormal
abnormal_frame63390.jpg,abnormal
abnormal_frame63420.jpg,abnormal
abnormal_frame63450.jpg,abnormal
abnormal_frame63480.jpg,abnormal
abnormal_frame63510.jpg,abnormal
abnormal_frame63540.jpg,abnormal
abnormal_frame63570.jpg,abnormal
abnormal_frame6360.jpg,abnormal
abnormal_frame63600.jpg,abnormal
abnormal_frame63630.jpg,abnormal
abnormal_frame63660.jpg,abnormal
abnormal_frame63690.jpg,abnormal
abnormal_frame63720.jpg,abnormal
abnormal_frame63750.jpg,abnormal
abnormal_frame63780.jpg,abnormal
abnormal_frame63810.jpg,abnormal
abnormal_frame63840.jpg,abnormal
abnormal_frame63870.jpg,abnormal
abnormal_frame6390.jpg,abnormal
abnormal_frame63900.jpg,abnormal
abnormal_frame63930.jpg,abnormal
abnormal_frame63960.jpg,abnormal
abnormal_frame63990.jpg,abnormal
abnormal_frame64020.jpg,abnormal
abnormal_frame64050.jpg,abnormal
abnormal_frame64080.jpg,abnormal
abnormal_frame64110.jpg,abnormal
abnormal_frame64140.jpg,abnormal
abnormal_frame64170.jpg,abnormal
abnormal_frame6420.jpg,abnormal
abnormal_frame64200.jpg,abnormal
abnormal_frame64230.jpg,abnormal
abnormal_frame64260.jpg,abnormal
abnormal_frame64290.jpg,abnormal
abnormal_frame64320.jpg,abnormal
abnormal_frame64350.jpg,abnormal
abnormal_frame64380.jpg,abnormal
abnormal_frame64410.jpg,abnormal
abnormal_frame64440.jpg,abnormal
abnormal_frame64470.jpg,abnormal
abnormal_frame6450.jpg,abnormal
abnormal_frame64500.jpg,abnormal
abnormal_frame64530.jpg,abnormal
abnormal_frame64560.jpg,abnormal
abnormal_frame64590.jpg,abnormal
abnormal_frame64620.jpg,abnormal
abnormal_frame64650.jpg,abnormal
abnormal_frame64680.jpg,abnormal
abnormal_frame64710.jpg,abnormal
abnormal_frame64740.jpg,abnormal
abnormal_frame64770.jpg,abnormal
abnormal_frame6480.jpg,abnormal
abnormal_frame64800.jpg,abnormal
abnormal_frame64830.jpg,abnormal
abnormal_frame64860.jpg,abnormal
abnormal_frame64890.jpg,abnormal
abnormal_frame64920.jpg,abnormal
abnormal_frame64950.jpg,abnormal
abnormal_frame64980.jpg,abnormal
abnormal_frame65010.jpg,abnormal
abnormal_frame65040.jpg,abnormal
abnormal_frame65070.jpg,abnormal
abnormal_frame6510.jpg,abnormal
abnormal_frame65100.jpg,abnormal
abnormal_frame65130.jpg,abnormal
abnormal_frame65160.jpg,abnormal
abnormal_frame65190.jpg,abnormal
abnormal_frame65220.jpg,abnormal
abnormal_frame65250.jpg,abnormal
abnormal_frame65280.jpg,abnormal
abnormal_frame65310.jpg,abnormal
abnormal_frame65340.jpg,abnormal
abnormal_frame65370.jpg,abnormal
abnormal_frame6540.jpg,abnormal
abnormal_frame65400.jpg,abnormal
abnormal_frame65430.jpg,abnormal
abnormal_frame65460.jpg,abnormal
abnormal_frame65490.jpg,abnormal
abnormal_frame65520.jpg,abnormal
abnormal_frame65550.jpg,abnormal
abnormal_frame65580.jpg,abnormal
abnormal_frame65610.jpg,abnormal
abnormal_frame65640.jpg,abnormal
abnormal_frame65670.jpg,abnormal
abnormal_frame6570.jpg,abnormal
abnormal_frame65700.jpg,abnormal
abnormal_frame65730.jpg,abnormal
abnormal_frame65760.jpg,abnormal
abnormal_frame65790.jpg,abnormal
abnormal_frame65820.jpg,abnormal
abnormal_frame65850.jpg,abnormal
abnormal_frame65880.jpg,abnormal
abnormal_frame65910.jpg,abnormal
abnormal_frame65940.jpg,abnormal
abnormal_frame65970.jpg,abnormal
abnormal_frame660.jpg,abnormal
abnormal_frame6600.jpg,abnormal
abnormal_frame66000.jpg,abnormal
abnormal_frame66030.jpg,abnormal
abnormal_frame66060.jpg,abnormal
abnormal_frame66090.jpg,abnormal
abnormal_frame66120.jpg,abnormal
abnormal_frame66150.jpg,abnormal
abnormal_frame66180.jpg,abnormal
abnormal_frame66210.jpg,abnormal
abnormal_frame66240.jpg,abnormal
abnormal_frame66270.jpg,abnormal
abnormal_frame6630.jpg,abnormal
abnormal_frame66300.jpg,abnormal
abnormal_frame66330.jpg,abnormal
abnormal_frame66360.jpg,abnormal
abnormal_frame66390.jpg,abnormal
abnormal_frame66420.jpg,abnormal
abnormal_frame66450.jpg,abnormal
abnormal_frame66480.jpg,abnormal
abnormal_frame66510.jpg,abnormal
abnormal_frame66540.jpg,abnormal
abnormal_frame66570.jpg,abnormal
abnormal_frame6660.jpg,abnormal
abnormal_frame66600.jpg,abnormal
abnormal_frame66630.jpg,abnormal
abnormal_frame66660.jpg,abnormal
abnormal_frame66690.jpg,abnormal
abnormal_frame66720.jpg,abnormal
abnormal_frame66750.jpg,abnormal
abnormal_frame66780.jpg,abnormal
abnormal_frame66810.jpg,abnormal
abnormal_frame66840.jpg,abnormal
abnormal_frame66870.jpg,abnormal
abnormal_frame6690.jpg,abnormal
abnormal_frame66900.jpg,abnormal
abnormal_frame66930.jpg,abnormal
abnormal_frame66960.jpg,abnormal
abnormal_frame66990.jpg,abnormal
abnormal_frame67020.jpg,abnormal
abnormal_frame67050.jpg,abnormal
abnormal_frame67080.jpg,abnormal
abnormal_frame67110.jpg,abnormal
abnormal_frame67140.jpg,abnormal
abnormal_frame67170.jpg,abnormal
abnormal_frame6720.jpg,abnormal
abnormal_frame67200.jpg,abnormal
abnormal_frame67230.jpg,abnormal
abnormal_frame67260.jpg,abnormal
abnormal_frame67290.jpg,abnormal
abnormal_frame67320.jpg,abnormal
abnormal_frame67350.jpg,abnormal
abnormal_frame67380.jpg,abnormal
abnormal_frame67410.jpg,abnormal
abnormal_frame67440.jpg,abnormal
abnormal_frame67470.jpg,abnormal
abnormal_frame6750.jpg,abnormal
abnormal_frame67500.jpg,abnormal
abnormal_frame67530.jpg,abnormal
abnormal_frame67560.jpg,abnormal
abnormal_frame67590.jpg,abnormal
abnormal_frame67620.jpg,abnormal
abnormal_frame67650.jpg,abnormal
abnormal_frame67680.jpg,abnormal
abnormal_frame67710.jpg,abnormal
abnormal_frame67740.jpg,abnormal
abnormal_frame67770.jpg,abnormal
abnormal_frame6780.jpg,abnormal
abnormal_frame67800.jpg,abnormal
abnormal_frame67830.jpg,abnormal
abnormal_frame67860.jpg,abnormal
abnormal_frame67890.jpg,abnormal
abnormal_frame67920.jpg,abnormal
abnormal_frame67950.jpg,abnormal
abnormal_frame67980.jpg,abnormal
abnormal_frame68010.jpg,abnormal
abnormal_frame68040.jpg,abnormal
abnormal_frame68070.jpg,abnormal
abnormal_frame6810.jpg,abnormal
abnormal_frame68100.jpg,abnormal
abnormal_frame68130.jpg,abnormal
abnormal_frame68160.jpg,abnormal
abnormal_frame68190.jpg,abnormal
abnormal_frame68220.jpg,abnormal
abnormal_frame68250.jpg,abnormal
abnormal_frame68280.jpg,abnormal
abnormal_frame68310.jpg,abnormal
abnormal_frame68340.jpg,abnormal
abnormal_frame68370.jpg,abnormal
abnormal_frame6840.jpg,abnormal
abnormal_frame68400.jpg,abnormal
abnormal_frame68430.jpg,abnormal
abnormal_frame68460.jpg,abnormal
abnormal_frame68490.jpg,abnormal
abnormal_frame68520.jpg,abnormal
abnormal_frame68550.jpg,abnormal
abnormal_frame68580.jpg,abnormal
abnormal_frame68610.jpg,abnormal
abnormal_frame68640.jpg,abnormal
abnormal_frame68670.jpg,abnormal
abnormal_frame6870.jpg,abnormal
abnormal_frame68700.jpg,abnormal
abnormal_frame68730.jpg,abnormal
abnormal_frame68760.jpg,abnormal
abnormal_frame68790.jpg,abnormal
abnormal_frame68820.jpg,abnormal
abnormal_frame68850.jpg,abnormal
abnormal_frame68880.jpg,abnormal
abnormal_frame68910.jpg,abnormal
abnormal_frame68940.jpg,abnormal
abnormal_frame68970.jpg,abnormal
abnormal_frame690.jpg,abnormal
abnormal_frame6900.jpg,abnormal
abnormal_frame69000.jpg,abnormal
abnormal_frame69030.jpg,abnormal
abnormal_frame69060.jpg,abnormal
abnormal_frame69090.jpg,abnormal
abnormal_frame69120.jpg,abnormal
abnormal_frame69150.jpg,abnormal
abnormal_frame69180.jpg,abnormal
abnormal_frame69210.jpg,abnormal
abnormal_frame69240.jpg,abnormal
abnormal_frame69270.jpg,abnormal
abnormal_frame6930.jpg,abnormal
abnormal_frame69300.jpg,abnormal
abnormal_frame69330.jpg,abnormal
abnormal_frame69360.jpg,abnormal
abnormal_frame69390.jpg,abnormal
abnormal_frame69420.jpg,abnormal
abnormal_frame69450.jpg,abnormal
abnormal_frame69480.jpg,abnormal
abnormal_frame69510.jpg,abnormal
abnormal_frame69540.jpg,abnormal
abnormal_frame69570.jpg,abnormal
abnormal_frame6960.jpg,abnormal
abnormal_frame69600.jpg,abnormal
abnormal_frame69630.jpg,abnormal
abnormal_frame69660.jpg,abnormal
abnormal_frame69690.jpg,abnormal
abnormal_frame69720.jpg,abnormal
abnormal_frame69750.jpg,abnormal
abnormal_frame69780.jpg,abnormal
abnormal_frame69810.jpg,abnormal
abnormal_frame69840.jpg,abnormal
abnormal_frame69870.jpg,abnormal
abnormal_frame6990.jpg,abnormal
abnormal_frame69900.jpg,abnormal
abnormal_frame69930.jpg,abnormal
abnormal_frame69960.jpg,abnormal
abnormal_frame69990.jpg,abnormal
abnormal_frame70020.jpg,abnormal
abnormal_frame70050.jpg,abnormal
abnormal_frame70080.jpg,abnormal
abnormal_frame70110.jpg,abnormal
abnormal_frame70140.jpg,abnormal
abnormal_frame70170.jpg,abnormal
abnormal_frame7020.jpg,abnormal
abnormal_frame70200.jpg,abnormal
abnormal_frame70230.jpg,abnormal
abnormal_frame70260.jpg,abnormal
abnormal_frame70290.jpg,abnormal
abnormal_frame70320.jpg,abnormal
abnormal_frame70350.jpg,abnormal
abnormal_frame70380.jpg,abnormal
abnormal_frame70410.jpg,abnormal
abnormal_frame70440.jpg,abnormal
abnormal_frame70470.jpg,abnormal
abnormal_frame7050.jpg,abnormal
abnormal_frame70500.jpg,abnormal
abnormal_frame70530.jpg,abnormal
abnormal_frame70560.jpg,abnormal
abnormal_frame70590.jpg,abnormal
abnormal_frame70620.jpg,abnormal
abnormal_frame70650.jpg,abnormal
abnormal_frame70680.jpg,abnormal
abnormal_frame70710.jpg,abnormal
abnormal_frame70740.jpg,abnormal
abnormal_frame70770.jpg,abnormal
abnormal_frame7080.jpg,abnormal
abnormal_frame70800.jpg,abnormal
abnormal_frame70830.jpg,abnormal
abnormal_frame70860.jpg,abnormal
abnormal_frame70890.jpg,abnormal
abnormal_frame70920.jpg,abnormal
abnormal_frame70950.jpg,abnormal
abnormal_frame70980.jpg,abnormal
abnormal_frame71010.jpg,abnormal
abnormal_frame71040.jpg,abnormal
abnormal_frame71070.jpg,abnormal
abnormal_frame7110.jpg,abnormal
abnormal_frame71100.jpg,abnormal
abnormal_frame71130.jpg,abnormal
abnormal_frame71160.jpg,abnormal
abnormal_frame71190.jpg,abnormal
abnormal_frame71220.jpg,abnormal
abnormal_frame71250.jpg,abnormal
abnormal_frame71280.jpg,abnormal
abnormal_frame71310.jpg,abnormal
abnormal_frame71340.jpg,abnormal
abnormal_frame71370.jpg,abnormal
abnormal_frame7140.jpg,abnormal
abnormal_frame71400.jpg,abnormal
abnormal_frame71430.jpg,abnormal
abnormal_frame71460.jpg,abnormal
abnormal_frame71490.jpg,abnormal
abnormal_frame71520.jpg,abnormal
abnormal_frame71550.jpg,abnormal
abnormal_frame71580.jpg,abnormal
abnormal_frame71610.jpg,abnormal
abnormal_frame71640.jpg,abnormal
abnormal_frame71670.jpg,abnormal
abnormal_frame7170.jpg,abnormal
abnormal_frame71700.jpg,abnormal
abnormal_frame71730.jpg,abnormal
abnormal_frame71760.jpg,abnormal
abnormal_frame71790.jpg,abnormal
abnormal_frame71820.jpg,abnormal
abnormal_frame71850.jpg,abnormal
abnormal_frame71880.jpg,abnormal
abnormal_frame71910.jpg,abnormal
abnormal_frame71940.jpg,abnormal
abnormal_frame71970.jpg,abnormal
abnormal_frame720.jpg,abnormal
abnormal_frame7200.jpg,abnormal
abnormal_frame72000.jpg,abnormal
abnormal_frame72030.jpg,abnormal
abnormal_frame72060.jpg,abnormal
abnormal_frame72090.jpg,abnormal
abnormal_frame72120.jpg,abnormal
abnormal_frame72150.jpg,abnormal
abnormal_frame72180.jpg,abnormal
abnormal_frame72210.jpg,abnormal
abnormal_frame72240.jpg,abnormal
abnormal_frame72270.jpg,abnormal
abnormal_frame7230.jpg,abnormal
abnormal_frame72300.jpg,abnormal
abnormal_frame72330.jpg,abnormal
abnormal_frame72360.jpg,abnormal
abnormal_frame72390.jpg,abnormal
abnormal_frame72420.jpg,abnormal
abnormal_frame72450.jpg,abnormal
abnormal_frame72480.jpg,abnormal
abnormal_frame72510.jpg,abnormal
abnormal_frame72540.jpg,abnormal
abnormal_frame72570.jpg,abnormal
abnormal_frame7260.jpg,abnormal
abnormal_frame72600.jpg,abnormal
abnormal_frame72630.jpg,abnormal
abnormal_frame72660.jpg,abnormal
abnormal_frame72690.jpg,abnormal
abnormal_frame72720.jpg,abnormal
abnormal_frame72750.jpg,abnormal
abnormal_frame72780.jpg,abnormal
abnormal_frame72810.jpg,abnormal
abnormal_frame72840.jpg,abnormal
abnormal_frame72870.jpg,abnormal
abnormal_frame7290.jpg,abnormal
abnormal_frame72900.jpg,abnormal
abnormal_frame72930.jpg,abnormal
abnormal_frame72960.jpg,abnormal
abnormal_frame72990.jpg,abnormal
abnormal_frame73020.jpg,abnormal
abnormal_frame73050.jpg,abnormal
abnormal_frame73080.jpg,abnormal
abnormal_frame73110.jpg,abnormal
abnormal_frame73140.jpg,abnormal
abnormal_frame73170.jpg,abnormal
abnormal_frame7320.jpg,abnormal
abnormal_frame73200.jpg,abnormal
abnormal_frame73230.jpg,abnormal
abnormal_frame73260.jpg,abnormal
abnormal_frame73290.jpg,abnormal
abnormal_frame73320.jpg,abnormal
abnormal_frame73350.jpg,abnormal
abnormal_frame73380.jpg,abnormal
abnormal_frame73410.jpg,abnormal
abnormal_frame73440.jpg,abnormal
abnormal_frame73470.jpg,abnormal
abnormal_frame7350.jpg,abnormal
abnormal_frame73500.jpg,abnormal
abnormal_frame73530.jpg,abnormal
abnormal_frame73560.jpg,abnormal
abnormal_frame73590.jpg,abnormal
abnormal_frame73620.jpg,abnormal
abnormal_frame73650.jpg,abnormal
abnormal_frame73680.jpg,abnormal
abnormal_frame73710.jpg,abnormal
abnormal_frame73740.jpg,abnormal
abnormal_frame73770.jpg,abnormal
abnormal_frame7380.jpg,abnormal
abnormal_frame73800.jpg,abnormal
abnormal_frame73830.jpg,abnormal
abnormal_frame73860.jpg,abnormal
abnormal_frame73890.jpg,abnormal
abnormal_frame73920.jpg,abnormal
abnormal_frame73950.jpg,abnormal
abnormal_frame73980.jpg,abnormal
abnormal_frame74010.jpg,abnormal
abnormal_frame74040.jpg,abnormal
abnormal_frame74070.jpg,abnormal
abnormal_frame7410.jpg,abnormal
abnormal_frame74100.jpg,abnormal
abnormal_frame74130.jpg,abnormal
abnormal_frame74160.jpg,abnormal
abnormal_frame74190.jpg,abnormal
abnormal_frame74220.jpg,abnormal
abnormal_frame74250.jpg,abnormal
abnormal_frame74280.jpg,abnormal
abnormal_frame74310.jpg,abnormal
abnormal_frame74340.jpg,abnormal
abnormal_frame74370.jpg,abnormal
abnormal_frame7440.jpg,abnormal
abnormal_frame74400.jpg,abnormal
abnormal_frame74430.jpg,abnormal
abnormal_frame74460.jpg,abnormal
abnormal_frame74490.jpg,abnormal
abnormal_frame74520.jpg,abnormal
abnormal_frame74550.jpg,abnormal
abnormal_frame74580.jpg,abnormal
abnormal_frame74610.jpg,abnormal
abnormal_frame74640.jpg,abnormal
abnormal_frame74670.jpg,abnormal
abnormal_frame7470.jpg,abnormal
abnormal_frame74700.jpg,abnormal
abnormal_frame74730.jpg,abnormal
abnormal_frame74760.jpg,abnormal
abnormal_frame74790.jpg,abnormal
abnormal_frame74820.jpg,abnormal
abnormal_frame74850.jpg,abnormal
abnormal_frame74880.jpg,abnormal
abnormal_frame74910.jpg,abnormal
abnormal_frame74940.jpg,abnormal
abnormal_frame74970.jpg,abnormal
abnormal_frame750.jpg,abnormal
abnormal_frame7500.jpg,abnormal
abnormal_frame75000.jpg,abnormal
abnormal_frame75030.jpg,abnormal
abnormal_frame75060.jpg,abnormal
abnormal_frame75090.jpg,abnormal
abnormal_frame75120.jpg,abnormal
abnormal_frame75150.jpg,abnormal
abnormal_frame75180.jpg,abnormal
abnormal_frame75210.jpg,abnormal
abnormal_frame75240.jpg,abnormal
abnormal_frame75270.jpg,abnormal
abnormal_frame7530.jpg,abnormal
abnormal_frame75300.jpg,abnormal
abnormal_frame75330.jpg,abnormal
abnormal_frame75360.jpg,abnormal
abnormal_frame75390.jpg,abnormal
abnormal_frame75420.jpg,abnormal
abnormal_frame75450.jpg,abnormal
abnormal_frame75480.jpg,abnormal
abnormal_frame75510.jpg,abnormal
abnormal_frame75540.jpg,abnormal
abnormal_frame75570.jpg,abnormal
abnormal_frame7560.jpg,abnormal
abnormal_frame75600.jpg,abnormal
abnormal_frame75630.jpg,abnormal
abnormal_frame75660.jpg,abnormal
abnormal_frame75690.jpg,abnormal
abnormal_frame75720.jpg,abnormal
abnormal_frame75750.jpg,abnormal
abnormal_frame75780.jpg,abnormal
abnormal_frame75810.jpg,abnormal
abnormal_frame75840.jpg,abnormal
abnormal_frame75870.jpg,abnormal
abnormal_frame7590.jpg,abnormal
abnormal_frame75900.jpg,abnormal
abnormal_frame75930.jpg,abnormal
abnormal_frame75960.jpg,abnormal
abnormal_frame75990.jpg,abnormal
abnormal_frame76020.jpg,abnormal
abnormal_frame76050.jpg,abnormal
abnormal_frame76080.jpg,abnormal
abnormal_frame76110.jpg,abnormal
abnormal_frame76140.jpg,abnormal
abnormal_frame76170.jpg,abnormal
abnormal_frame7620.jpg,abnormal
abnormal_frame76200.jpg,abnormal
abnormal_frame76230.jpg,abnormal
abnormal_frame76260.jpg,abnormal
abnormal_frame76290.jpg,abnormal
abnormal_frame76320.jpg,abnormal
abnormal_frame76350.jpg,abnormal
abnormal_frame76380.jpg,abnormal
abnormal_frame76410.jpg,abnormal
abnormal_frame76440.jpg,abnormal
abnormal_frame76470.jpg,abnormal
abnormal_frame7650.jpg,abnormal
abnormal_frame76500.jpg,abnormal
abnormal_frame76530.jpg,abnormal
abnormal_frame76560.jpg,abnormal
abnormal_frame76590.jpg,abnormal
abnormal_frame76620.jpg,abnormal
abnormal_frame76650.jpg,abnormal
abnormal_frame76680.jpg,abnormal
abnormal_frame76710.jpg,abnormal
abnormal_frame76740.jpg,abnormal
abnormal_frame76770.jpg,abnormal
abnormal_frame7680.jpg,abnormal
abnormal_frame76800.jpg,abnormal
abnormal_frame76830.jpg,abnormal
abnormal_frame76860.jpg,abnormal
abnormal_frame76890.jpg,abnormal
abnormal_frame76920.jpg,abnormal
abnormal_frame76950.jpg,abnormal
abnormal_frame76980.jpg,abnormal
abnormal_frame77010.jpg,abnormal
abnormal_frame77040.jpg,abnormal
abnormal_frame77070.jpg,abnormal
abnormal_frame7710.jpg,abnormal
abnormal_frame77100.jpg,abnormal
abnormal_frame77130.jpg,abnormal
abnormal_frame77160.jpg,abnormal
abnormal_frame77190.jpg,abnormal
abnormal_frame77220.jpg,abnormal
abnormal_frame77250.jpg,abnormal
abnormal_frame77280.jpg,abnormal
abnormal_frame77310.jpg,abnormal
abnormal_frame77340.jpg,abnormal
abnormal_frame77370.jpg,abnormal
abnormal_frame7740.jpg,abnormal
abnormal_frame77400.jpg,abnormal
abnormal_frame77430.jpg,abnormal
abnormal_frame77460.jpg,abnormal
abnormal_frame77490.jpg,abnormal
abnormal_frame77520.jpg,abnormal
abnormal_frame77550.jpg,abnormal
abnormal_frame77580.jpg,abnormal
abnormal_frame77610.jpg,abnormal
abnormal_frame77640.jpg,abnormal
abnormal_frame77670.jpg,abnormal
abnormal_frame7770.jpg,abnormal
abnormal_frame77700.jpg,abnormal
abnormal_frame77730.jpg,abnormal
abnormal_frame77760.jpg,abnormal
abnormal_frame77790.jpg,abnormal
abnormal_frame77820.jpg,abnormal
abnormal_frame77850.jpg,abnormal
abnormal_frame77880.jpg,abnormal
abnormal_frame77910.jpg,abnormal
abnormal_frame77940.jpg,abnormal
abnormal_frame77970.jpg,abnormal
abnormal_frame780.jpg,abnormal
abnormal_frame7800.jpg,abnormal
abnormal_frame78000.jpg,abnormal
abnormal_frame78030.jpg,abnormal
abnormal_frame78060.jpg,abnormal
abnormal_frame78090.jpg,abnormal
abnormal_frame78120.jpg,abnormal
abnormal_frame78150.jpg,abnormal
abnormal_frame78180.jpg,abnormal
abnormal_frame78210.jpg,abnormal
abnormal_frame78240.jpg,abnormal
abnormal_frame78270.jpg,abnormal
abnormal_frame7830.jpg,abnormal
abnormal_frame78300.jpg,abnormal
abnormal_frame78330.jpg,abnormal
abnormal_frame78360.jpg,abnormal
abnormal_frame78390.jpg,abnormal
abnormal_frame78420.jpg,abnormal
abnormal_frame78450.jpg,abnormal
abnormal_frame78480.jpg,abnormal
abnormal_frame78510.jpg,abnormal
abnormal_frame78540.jpg,abnormal
abnormal_frame7860.jpg,abnormal
abnormal_frame7890.jpg,abnormal
abnormal_frame7920.jpg,abnormal
abnormal_frame7950.jpg,abnormal
abnormal_frame7980.jpg,abnormal
abnormal_frame8010.jpg,abnormal
abnormal_frame8040.jpg,abnormal
abnormal_frame8070.jpg,abnormal
abnormal_frame810.jpg,abnormal
abnormal_frame8100.jpg,abnormal
abnormal_frame8130.jpg,abnormal
abnormal_frame8160.jpg,abnormal
abnormal_frame8190.jpg,abnormal
abnormal_frame8220.jpg,abnormal
abnormal_frame8250.jpg,abnormal
abnormal_frame8280.jpg,abnormal
abnormal_frame8310.jpg,abnormal
abnormal_frame8340.jpg,abnormal
abnormal_frame8370.jpg,abnormal
abnormal_frame840.jpg,abnormal
abnormal_frame8400.jpg,abnormal
abnormal_frame8430.jpg,abnormal
abnormal_frame8460.jpg,abnormal
abnormal_frame8490.jpg,abnormal
abnormal_frame8520.jpg,abnormal
abnormal_frame8550.jpg,abnormal
abnormal_frame8580.jpg,abnormal
abnormal_frame8610.jpg,abnormal
abnormal_frame8640.jpg,abnormal
abnormal_frame8670.jpg,abnormal
abnormal_frame870.jpg,abnormal
abnormal_frame8700.jpg,abnormal
abnormal_frame8730.jpg,abnormal
abnormal_frame8760.jpg,abnormal
abnormal_frame8790.jpg,abnormal
abnormal_frame8820.jpg,abnormal
abnormal_frame8850.jpg,abnormal
abnormal_frame8880.jpg,abnormal
abnormal_frame8910.jpg,abnormal
abnormal_frame8940.jpg,abnormal
abnormal_frame8970.jpg,abnormal
abnormal_frame90.jpg,abnormal
abnormal_frame900.jpg,abnormal
abnormal_frame9000.jpg,abnormal
abnormal_frame9030.jpg,abnormal
abnormal_frame9060.jpg,abnormal
abnormal_frame9090.jpg,abnormal
abnormal_frame9120.jpg,abnormal
abnormal_frame9150.jpg,abnormal
abnormal_frame9180.jpg,abnormal
abnormal_frame9210.jpg,abnormal
abnormal_frame9240.jpg,abnormal
abnormal_frame9270.jpg,abnormal
abnormal_frame930.jpg,abnormal
abnormal_frame9300.jpg,abnormal
abnormal_frame9330.jpg,abnormal
abnormal_frame9360.jpg,abnormal
abnormal_frame9390.jpg,abnormal
abnormal_frame9420.jpg,abnormal
abnormal_frame9450.jpg,abnormal
abnormal_frame9480.jpg,abnormal
abnormal_frame9510.jpg,abnormal
abnormal_frame9540.jpg,abnormal
abnormal_frame9570.jpg,abnormal
abnormal_frame960.jpg,abnormal
abnormal_frame9600.jpg,abnormal
abnormal_frame9630.jpg,abnormal
abnormal_frame9660.jpg,abnormal
abnormal_frame9690.jpg,abnormal
abnormal_frame9720.jpg,abnormal
abnormal_frame9750.jpg,abnormal
abnormal_frame9780.jpg,abnormal
abnormal_frame9810.jpg,abnormal
abnormal_frame9840.jpg,abnormal
abnormal_frame9870.jpg,abnormal
abnormal_frame990.jpg,abnormal
abnormal_frame9900.jpg,abnormal
abnormal_frame9930.jpg,abnormal
abnormal_frame9960.jpg,abnormal
abnormal_frame9990.jpg,abnormal
normal_frame32520.jpg,normal
normal_frame32550.jpg,normal
normal_frame32580.jpg,normal
normal_frame32610.jpg,normal
normal_frame32640.jpg,normal
normal_frame32670.jpg,normal
normal_frame32700.jpg,normal
normal_frame32730.jpg,normal
normal_frame32760.jpg,normal
normal_frame32790.jpg,normal
normal_frame32820.jpg,normal
normal_frame32850.jpg,normal
normal_frame32880.jpg,normal
normal_frame32910.jpg,normal
normal_frame32940.jpg,normal
normal_frame32970.jpg,normal
normal_frame33000.jpg,normal
normal_frame33030.jpg,normal
normal_frame33060.jpg,normal
normal_frame33090.jpg,normal
normal_frame33120.jpg,normal
normal_frame33150.jpg,normal
normal_frame33180.jpg,normal
normal_frame33210.jpg,normal
normal_frame33240.jpg,normal
normal_frame33270.jpg,normal
normal_frame33300.jpg,normal
normal_frame33330.jpg,normal
normal_frame33360.jpg,normal
normal_frame33390.jpg,normal
normal_frame33420.jpg,normal
normal_frame33450.jpg,normal
normal_frame33480.jpg,normal
normal_frame33510.jpg,normal
normal_frame33540.jpg,normal
normal_frame33570.jpg,normal
normal_frame33600.jpg,normal
normal_frame33630.jpg,normal
normal_frame33660.jpg,normal
normal_frame33690.jpg,normal
normal_frame33720.jpg,normal
normal_frame33750.jpg,normal
normal_frame33780.jpg,normal
normal_frame33810.jpg,normal
normal_frame33840.jpg,normal
normal_frame33870.jpg,normal
normal_frame33900.jpg,normal
normal_frame33930.jpg,normal
normal_frame33960.jpg,normal
normal_frame33990.jpg,normal
normal_frame34020.jpg,normal
normal_frame34050.jpg,normal
normal_frame34080.jpg,normal
normal_frame34110.jpg,normal
normal_frame34140.jpg,normal
normal_frame34170.jpg,normal
normal_frame34200.jpg,normal
normal_frame34230.jpg,normal
normal_frame34260.jpg,normal
normal_frame34290.jpg,normal
normal_frame34320.jpg,normal
normal_frame34350.jpg,normal
normal_frame34380.jpg,normal
normal_frame34410.jpg,normal
normal_frame34440.jpg,normal
normal_frame34470.jpg,normal
normal_frame34500.jpg,normal
normal_frame34530.jpg,normal
normal_frame34560.jpg,normal
normal_frame34590.jpg,normal
normal_frame34620.jpg,normal
normal_frame34650.jpg,normal
normal_frame34680.jpg,normal
normal_frame34710.jpg,normal
normal_frame34740.jpg,normal
normal_frame34770.jpg,normal
normal_frame34800.jpg,normal
normal_frame34830.jpg,normal
normal_frame34860.jpg,normal
normal_frame34890.jpg,normal
normal_frame34920.jpg,normal
normal_frame34950.jpg,normal
normal_frame34980.jpg,normal
normal_frame35010.jpg,normal
normal_frame35040.jpg,normal
normal_frame35070.jpg,normal
normal_frame35100.jpg,normal
normal_frame35130.jpg,normal
normal_frame35160.jpg,normal
normal_frame35190.jpg,normal
normal_frame35220.jpg,normal
normal_frame35250.jpg,normal
normal_frame35280.jpg,normal
normal_frame35310.jpg,normal
normal_frame35340.jpg,normal
normal_frame35370.jpg,normal
normal_frame35400.jpg,normal
normal_frame35430.jpg,normal
normal_frame35460.jpg,normal
normal_frame35490.jpg,normal
normal_frame35520.jpg,normal
normal_frame35550.jpg,normal
normal_frame35580.jpg,normal
normal_frame35610.jpg,normal
normal_frame35640.jpg,normal
normal_frame35670.jpg,normal
normal_frame35700.jpg,normal
normal_frame35730.jpg,normal
normal_frame35760.jpg,normal
normal_frame35790.jpg,normal
normal_frame35820.jpg,normal
normal_frame35850.jpg,normal
normal_frame35880.jpg,normal
normal_frame35910.jpg,normal
normal_frame35940.jpg,normal
normal_frame35970.jpg,normal
normal_frame36000.jpg,normal
normal_frame36030.jpg,normal
normal_frame36060.jpg,normal
normal_frame36090.jpg,normal
normal_frame36120.jpg,normal
normal_frame36150.jpg,normal
normal_frame36180.jpg,normal
normal_frame36210.jpg,normal
normal_frame36240.jpg,normal
normal_frame36270.jpg,normal
normal_frame36300.jpg,normal
normal_frame36330.jpg,normal
normal_frame36360.jpg,normal
normal_frame36390.jpg,normal
normal_frame36420.jpg,normal
normal_frame36450.jpg,normal
normal_frame36480.jpg,normal
normal_frame36510.jpg,normal
normal_frame36540.jpg,normal
normal_frame36570.jpg,normal
normal_frame36600.jpg,normal
normal_frame36630.jpg,normal
normal_frame36660.jpg,normal
normal_frame36690.jpg,normal
normal_frame36720.jpg,normal
normal_frame36750.jpg,normal
normal_frame36780.jpg,normal
normal_frame36810.jpg,normal
normal_frame36840.jpg,normal
normal_frame36870.jpg,normal
normal_frame36900.jpg,normal
normal_frame36930.jpg,normal
normal_frame36960.jpg,normal
normal_frame36990.jpg,normal
normal_frame37020.jpg,normal
normal_frame37050.jpg,normal
normal_frame37080.jpg,normal
normal_frame37110.jpg,normal
normal_frame37140.jpg,normal
normal_frame37170.jpg,normal
normal_frame37200.jpg,normal
normal_frame37230.jpg,normal
normal_frame37260.jpg,normal
normal_frame37290.jpg,normal
normal_frame37320.jpg,normal
normal_frame37350.jpg,normal
normal_frame37380.jpg,normal
normal_frame37410.jpg,normal
normal_frame37440.jpg,normal
normal_frame37470.jpg,normal
normal_frame37500.jpg,normal
normal_frame37530.jpg,normal
normal_frame37560.jpg,normal
normal_frame37590.jpg,normal
normal_frame37620.jpg,normal
normal_frame37650.jpg,normal
normal_frame37680.jpg,normal
normal_frame37710.jpg,normal
normal_frame37740.jpg,normal
normal_frame37770.jpg,normal
normal_frame37800.jpg,normal
normal_frame37830.jpg,normal
normal_frame37860.jpg,normal
normal_frame37890.jpg,normal
normal_frame37920.jpg,normal
normal_frame37950.jpg,normal
normal_frame37980.jpg,normal
normal_frame38010.jpg,normal
normal_frame38040.jpg,normal
normal_frame38070.jpg,normal
normal_frame38100.jpg,normal
normal_frame38130.jpg,normal
normal_frame38160.jpg,normal
normal_frame38190.jpg,normal
normal_frame38220.jpg,normal
normal_frame38250.jpg,normal
normal_frame38280.jpg,normal
normal_frame38310.jpg,normal
normal_frame38340.jpg,normal
normal_frame38370.jpg,normal
normal_frame38400.jpg,normal
normal_frame38430.jpg,normal
normal_frame38460.jpg,normal
normal_frame38490.jpg,normal
normal_frame38520.jpg,normal
normal_frame38550.jpg,normal
normal_frame38580.jpg,normal
normal_frame38610.jpg,normal
normal_frame38640.jpg,normal
normal_frame38670.jpg,normal
normal_frame38700.jpg,normal
normal_frame38730.jpg,normal
normal_frame38760.jpg,normal
normal_frame38790.jpg,normal
normal_frame38820.jpg,normal
normal_frame38850.jpg,normal
normal_frame38880.jpg,normal
normal_frame38910.jpg,normal
normal_frame38940.jpg,normal
normal_frame38970.jpg,normal
normal_frame39000.jpg,normal
normal_frame39030.jpg,normal
normal_frame39060.jpg,normal
normal_frame39090.jpg,normal
normal_frame39120.jpg,normal
normal_frame39150.jpg,normal
normal_frame39180.jpg,normal
normal_frame39210.jpg,normal
normal_frame39240.jpg,normal
normal_frame39270.jpg,normal
normal_frame39300.jpg,normal
normal_frame39330.jpg,normal
normal_frame39360.jpg,normal
normal_frame39390.jpg,normal
normal_frame39420.jpg,normal
normal_frame39450.jpg,normal
normal_frame39480.jpg,normal
normal_frame39510.jpg,normal
normal_frame39540.jpg,normal
normal_frame39570.jpg,normal
normal_frame39600.jpg,normal
normal_frame39630.jpg,normal
normal_frame39660.jpg,normal
normal_frame39690.jpg,normal
normal_frame39720.jpg,normal
normal_frame39750.jpg,normal
normal_frame39780.jpg,normal
normal_frame39810.jpg,normal
normal_frame39840.jpg,normal
normal_frame39870.jpg,normal
normal_frame39900.jpg,normal
normal_frame39930.jpg,normal
normal_frame39960.jpg,normal
normal_frame39990.jpg,normal
normal_frame40020.jpg,normal
normal_frame40050.jpg,normal
normal_frame40080.jpg,normal
normal_frame40110.jpg,normal
normal_frame40140.jpg,normal
normal_frame40170.jpg,normal
normal_frame40200.jpg,normal
normal_frame40230.jpg,normal
normal_frame40260.jpg,normal
normal_frame40290.jpg,normal
normal_frame40320.jpg,normal
normal_frame40350.jpg,normal
normal_frame40380.jpg,normal
normal_frame40410.jpg,normal
normal_frame40440.jpg,normal
normal_frame40470.jpg,normal
normal_frame40500.jpg,normal
normal_frame40530.jpg,normal
normal_frame40560.jpg,normal
normal_frame40590.jpg,normal
normal_frame40620.jpg,normal
normal_frame40650.jpg,normal
normal_frame40680.jpg,normal
normal_frame40710.jpg,normal
normal_frame40740.jpg,normal
normal_frame40770.jpg,normal
normal_frame40800.jpg,normal
normal_frame40830.jpg,normal
normal_frame40860.jpg,normal
normal_frame40890.jpg,normal
normal_frame40920.jpg,normal
normal_frame40950.jpg,normal
normal_frame40980.jpg,normal
normal_frame41010.jpg,normal
normal_frame41040.jpg,normal
normal_frame41070.jpg,normal
normal_frame41100.jpg,normal
normal_frame41130.jpg,normal
normal_frame41160.jpg,normal
normal_frame41190.jpg,normal
normal_frame41220.jpg,normal
normal_frame41250.jpg,normal
normal_frame41280.jpg,normal
normal_frame41310.jpg,normal
normal_frame41340.jpg,normal
normal_frame41370.jpg,normal
normal_frame41400.jpg,normal
normal_frame41430.jpg,normal
normal_frame41460.jpg,normal
normal_frame41490.jpg,normal
normal_frame41520.jpg,normal
normal_frame41550.jpg,normal
normal_frame41580.jpg,normal
normal_frame41610.jpg,normal
normal_frame41640.jpg,normal
normal_frame41670.jpg,normal
normal_frame41700.jpg,normal
normal_frame41730.jpg,normal
normal_frame41760.jpg,normal
normal_frame41790.jpg,normal
normal_frame41820.jpg,normal
normal_frame41850.jpg,normal
normal_frame41880.jpg,normal
normal_frame41910.jpg,normal
normal_frame41940.jpg,normal
normal_frame41970.jpg,normal
normal_frame42000.jpg,normal
normal_frame42030.jpg,normal
normal_frame42060.jpg,normal
normal_frame42090.jpg,normal
normal_frame42120.jpg,normal
normal_frame42150.jpg,normal
normal_frame42180.jpg,normal
normal_frame42210.jpg,normal
normal_frame42240.jpg,normal
normal_frame42270.jpg,normal
normal_frame42300.jpg,normal
normal_frame42330.jpg,normal
normal_frame42360.jpg,normal
normal_frame42390.jpg,normal
normal_frame42420.jpg,normal
normal_frame42450.jpg,normal
normal_frame42480.jpg,normal
normal_frame42510.jpg,normal
normal_frame42540.jpg,normal
normal_frame42570.jpg,normal
normal_frame42600.jpg,normal
normal_frame42630.jpg,normal
normal_frame42660.jpg,normal
normal_frame42690.jpg,normal
normal_frame42720.jpg,normal
normal_frame42750.jpg,normal
normal_frame42780.jpg,normal
normal_frame42810.jpg,normal
normal_frame42840.jpg,normal
normal_frame42870.jpg,normal
normal_frame42900.jpg,normal
normal_frame42930.jpg,normal
normal_frame42960.jpg,normal
normal_frame42990.jpg,normal
normal_frame43020.jpg,normal
normal_frame43050.jpg,normal
normal_frame43080.jpg,normal
normal_frame43110.jpg,normal
normal_frame43140.jpg,normal
normal_frame43170.jpg,normal
normal_frame43200.jpg,normal
normal_frame43230.jpg,normal
normal_frame43260.jpg,normal
normal_frame43290.jpg,normal
normal_frame43320.jpg,normal
normal_frame43350.jpg,normal
normal_frame43380.jpg,normal
normal_frame43410.jpg,normal
normal_frame43440.jpg,normal
normal_frame43470.jpg,normal
normal_frame43500.jpg,normal
normal_frame43530.jpg,normal
normal_frame43560.jpg,normal
normal_frame43590.jpg,normal
normal_frame43620.jpg,normal
normal_frame43650.jpg,normal
normal_frame43680.jpg,normal
normal_frame43710.jpg,normal
normal_frame43740.jpg,normal
normal_frame43770.jpg,normal
normal_frame43800.jpg,normal
normal_frame43830.jpg,normal
normal_frame43860.jpg,normal
normal_frame43890.jpg,normal
normal_frame43920.jpg,normal
normal_frame43950.jpg,normal
normal_frame43980.jpg,normal
normal_frame44010.jpg,normal
normal_frame44040.jpg,normal
normal_frame44070.jpg,normal
normal_frame44100.jpg,normal
normal_frame44130.jpg,normal
normal_frame44160.jpg,normal
normal_frame44190.jpg,normal
normal_frame44220.jpg,normal
normal_frame44250.jpg,normal
normal_frame44280.jpg,normal
normal_frame44310.jpg,normal
normal_frame44340.jpg,normal
normal_frame44370.jpg,normal
normal_frame44400.jpg,normal
normal_frame44430.jpg,normal
normal_frame44460.jpg,normal
normal_frame44490.jpg,normal
normal_frame44520.jpg,normal
normal_frame44550.jpg,normal
normal_frame44580.jpg,normal
normal_frame44610.jpg,normal
normal_frame44640.jpg,normal
normal_frame44670.jpg,normal
normal_frame44700.jpg,normal
normal_frame44730.jpg,normal
normal_frame44760.jpg,normal
normal_frame44790.jpg,normal
normal_frame44820.jpg,normal
normal_frame44850.jpg,normal
normal_frame44880.jpg,normal
normal_frame44910.jpg,normal
normal_frame44940.jpg,normal
normal_frame44970.jpg,normal
normal_frame45000.jpg,normal
normal_frame45030.jpg,normal
normal_frame45060.jpg,normal
normal_frame45090.jpg,normal
normal_frame45120.jpg,normal
normal_frame45150.jpg,normal
normal_frame45180.jpg,normal
normal_frame45210.jpg,normal
normal_frame45240.jpg,normal
normal_frame45270.jpg,normal
normal_frame45300.jpg,normal
normal_frame45330.jpg,normal
normal_frame45360.jpg,normal
normal_frame45390.jpg,normal
normal_frame45420.jpg,normal
normal_frame45450.jpg,normal
normal_frame45480.jpg,normal
normal_frame45510.jpg,normal
normal_frame45540.jpg,normal
normal_frame45570.jpg,normal
normal_frame45600.jpg,normal
normal_frame45630.jpg,normal
normal_frame45660.jpg,normal
normal_frame45690.jpg,normal
normal_frame45720.jpg,normal
normal_frame45750.jpg,normal
normal_frame45780.jpg,normal
normal_frame45810.jpg,normal
normal_frame45840.jpg,normal
normal_frame45870.jpg,normal
normal_frame45900.jpg,normal
normal_frame45930.jpg,normal
normal_frame45960.jpg,normal
normal_frame45990.jpg,normal
normal_frame46020.jpg,normal
normal_frame78570.jpg,normal
normal_frame78600.jpg,normal
normal_frame78630.jpg,normal
normal_frame78660.jpg,normal
normal_frame78690.jpg,normal
normal_frame78720.jpg,normal
normal_frame78750.jpg,normal
normal_frame78780.jpg,normal
normal_frame78810.jpg,normal
normal_frame78840.jpg,normal
normal_frame78870.jpg,normal
normal_frame78900.jpg,normal
normal_frame78930.jpg,normal
normal_frame78960.jpg,normal
normal_frame78990.jpg,normal
normal_frame79020.jpg,normal
normal_frame79050.jpg,normal
normal_frame79080.jpg,normal
normal_frame79110.jpg,normal
normal_frame79140.jpg,normal
normal_frame79170.jpg,normal
normal_frame79200.jpg,normal
normal_frame79230.jpg,normal
normal_frame79260.jpg,normal
normal_frame79290.jpg,normal
normal_frame79320.jpg,normal
normal_frame79350.jpg,normal
normal_frame79380.jpg,normal
normal_frame79410.jpg,normal
normal_frame79440.jpg,normal
normal_frame79470.jpg,normal
normal_frame79500.jpg,normal
normal_frame79530.jpg,normal
normal_frame79560.jpg,normal
normal_frame79590.jpg,normal
normal_frame79620.jpg,normal
normal_frame79650.jpg,normal
normal_frame79680.jpg,normal
normal_frame79710.jpg,normal
normal_frame79740.jpg,normal
normal_frame79770.jpg,normal
normal_frame79800.jpg,normal
normal_frame79830.jpg,normal
normal_frame79860.jpg,normal
normal_frame79890.jpg,normal
normal_frame79920.jpg,normal
normal_frame79950.jpg,normal
normal_frame79980.jpg,normal
normal_frame80010.jpg,normal
normal_frame80040.jpg,normal
normal_frame80070.jpg,normal
normal_frame80100.jpg,normal
normal_frame80130.jpg,normal
normal_frame80160.jpg,normal
normal_frame80190.jpg,normal
normal_frame80220.jpg,normal
normal_frame80250.jpg,normal
normal_frame80280.jpg,normal
normal_frame80310.jpg,normal
normal_frame80340.jpg,normal
normal_frame80370.jpg,normal
normal_frame80400.jpg,normal
normal_frame80430.jpg,normal
normal_frame80460.jpg,normal
normal_frame80490.jpg,normal
normal_frame80520.jpg,normal
normal_frame80550.jpg,normal
normal_frame80580.jpg,normal
normal_frame80610.jpg,normal
normal_frame80640.jpg,normal
normal_frame80670.jpg,normal
normal_frame80700.jpg,normal
normal_frame80730.jpg,normal
normal_frame80760.jpg,normal
normal_frame80790.jpg,normal
normal_frame80820.jpg,normal
normal_frame80850.jpg,normal
normal_frame80880.jpg,normal
normal_frame80910.jpg,normal
normal_frame80940.jpg,normal
normal_frame80970.jpg,normal
normal_frame81000.jpg,normal
normal_frame81030.jpg,normal
normal_frame81060.jpg,normal
normal_frame81090.jpg,normal
normal_frame81120.jpg,normal
normal_frame81150.jpg,normal
normal_frame81180.jpg,normal
normal_frame81210.jpg,normal
normal_frame81240.jpg,normal
normal_frame81270.jpg,normal
normal_frame81300.jpg,normal
normal_frame81330.jpg,normal
normal_frame81360.jpg,normal
normal_frame81390.jpg,normal
normal_frame81420.jpg,normal
normal_frame81450.jpg,normal
normal_frame81480.jpg,normal
normal_frame81510.jpg,normal
normal_frame81540.jpg,normal
normal_frame81570.jpg,normal
normal_frame81600.jpg,normal
normal_frame81630.jpg,normal
normal_frame81660.jpg,normal
normal_frame81690.jpg,normal
normal_frame81720.jpg,normal
normal_frame81750.jpg,normal
normal_frame81780.jpg,normal
normal_frame81810.jpg,normal
normal_frame81840.jpg,normal
normal_frame81870.jpg,normal
normal_frame81900.jpg,normal
normal_frame81930.jpg,normal
normal_frame81960.jpg,normal
normal_frame81990.jpg,normal
normal_frame82020.jpg,normal
normal_frame82050.jpg,normal
normal_frame82080.jpg,normal
normal_frame82110.jpg,normal
normal_frame82140.jpg,normal
normal_frame82170.jpg,normal
normal_frame82200.jpg,normal
normal_frame82230.jpg,normal
normal_frame82260.jpg,normal
normal_frame82290.jpg,normal
normal_frame82320.jpg,normal
normal_frame82350.jpg,normal
normal_frame82380.jpg,normal
normal_frame82410.jpg,normal
normal_frame82440.jpg,normal
normal_frame82470.jpg,normal
normal_frame82500.jpg,normal
normal_frame82530.jpg,normal
normal_frame82560.jpg,normal
normal_frame82590.jpg,normal
normal_frame82620.jpg,normal
normal_frame82650.jpg,normal
normal_frame82680.jpg,normal
normal_frame82710.jpg,normal
normal_frame82740.jpg,normal
normal_frame82770.jpg,normal
normal_frame82800.jpg,normal
normal_frame82830.jpg,normal
normal_frame82860.jpg,normal
normal_frame82890.jpg,normal
normal_frame82920.jpg,normal
normal_frame82950.jpg,normal
normal_frame82980.jpg,normal
normal_frame83010.jpg,normal
normal_frame83040.jpg,normal
normal_frame83070.jpg,normal
normal_frame83100.jpg,normal
normal_frame83130.jpg,normal
normal_frame83160.jpg,normal
normal_frame83190.jpg,normal
normal_frame83220.jpg,normal
normal_frame83250.jpg,normal
normal_frame83280.jpg,normal
normal_frame83310.jpg,normal
normal_frame83340.jpg,normal
normal_frame83370.jpg,normal
normal_frame83400.jpg,normal
normal_frame83430.jpg,normal
normal_frame83460.jpg,normal
normal_frame83490.jpg,normal
normal_frame83520.jpg,normal
normal_frame83550.jpg,normal
normal_frame83580.jpg,normal
normal_frame83610.jpg,normal
normal_frame83640.jpg,normal
normal_frame83670.jpg,normal
normal_frame83700.jpg,normal
normal_frame83730.jpg,normal
normal_frame83760.jpg,normal
normal_frame83790.jpg,normal
normal_frame83820.jpg,normal
normal_frame83850.jpg,normal
normal_frame83880.jpg,normal
normal_frame83910.jpg,normal
normal_frame83940.jpg,normal
normal_frame83970.jpg,normal
normal_frame84000.jpg,normal
normal_frame84030.jpg,normal
normal_frame84060.jpg,normal
normal_frame84090.jpg,normal
normal_frame84120.jpg,normal
normal_frame84150.jpg,normal
normal_frame84180.jpg,normal
normal_frame84210.jpg,normal
normal_frame84240.jpg,normal
normal_frame84270.jpg,normal
normal_frame84300.jpg,normal
normal_frame84330.jpg,normal
normal_frame84360.jpg,normal
normal_frame84390.jpg,normal
normal_frame84420.jpg,normal
normal_frame84450.jpg,normal
normal_frame84480.jpg,normal
normal_frame84510.jpg,normal
normal_frame84540.jpg,normal
normal_frame84570.jpg,normal
normal_frame84600.jpg,normal
normal_frame84630.jpg,normal
normal_frame84660.jpg,normal
normal_frame84690.jpg,normal
normal_frame84720.jpg,normal
normal_frame84750.jpg,normal
normal_frame84780.jpg,normal
normal_frame84810.jpg,normal
normal_frame84840.jpg,normal
normal_frame84870.jpg,normal
normal_frame84900.jpg,normal
normal_frame84930.jpg,normal
normal_frame84960.jpg,normal
normal_frame84990.jpg,normal
normal_frame85020.jpg,normal
normal_frame85050.jpg,normal
normal_frame85080.jpg,normal
normal_frame85110.jpg,normal
normal_frame85140.jpg,normal
normal_frame85170.jpg,normal
normal_frame85200.jpg,normal
normal_frame85230.jpg,normal
normal_frame85260.jpg,normal
normal_frame85290.jpg,normal
normal_frame85320.jpg,normal
normal_frame85350.jpg,normal
normal_frame85380.jpg,normal
normal_frame85410.jpg,normal
normal_frame85440.jpg,normal
normal_frame85470.jpg,normal
normal_frame85500.jpg,normal
normal_frame85530.jpg,normal
normal_frame85560.jpg,normal
normal_frame85590.jpg,normal
normal_frame85620.jpg,normal
normal_frame85650.jpg,normal
normal_frame85680.jpg,normal
normal_frame85710.jpg,normal
normal_frame85740.jpg,normal
normal_frame85770.jpg,normal
normal_frame85800.jpg,normal
normal_frame85830.jpg,normal
normal_frame85860.jpg,normal
normal_frame85890.jpg,normal
normal_frame85920.jpg,normal
normal_frame85950.jpg,normal
normal_frame85980.jpg,normal
normal_frame86010.jpg,normal
normal_frame86040.jpg,normal
normal_frame86070.jpg,normal
normal_frame86100.jpg,normal
normal_frame86130.jpg,normal
normal_frame86160.jpg,normal
normal_frame86190.jpg,normal
normal_frame86220.jpg,normal
normal_frame86250.jpg,normal
normal_frame86280.jpg,normal
normal_frame86310.jpg,normal
normal_frame86340.jpg,normal
normal_frame86370.jpg,normal
normal_frame86400.jpg,normal
normal_frame86430.jpg,normal
normal_frame86460.jpg,normal
normal_frame86490.jpg,normal
normal_frame86520.jpg,normal
normal_frame86550.jpg,normal
normal_frame86580.jpg,normal
normal_frame86610.jpg,normal
normal_frame86640.jpg,normal
normal_frame86670.jpg,normal
normal_frame86700.jpg,normal
normal_frame86730.jpg,normal
normal_frame86760.jpg,normal
normal_frame86790.jpg,normal
normal_frame86820.jpg,normal
normal_frame86850.jpg,normal
normal_frame86880.jpg,normal
normal_frame86910.jpg,normal
normal_frame86940.jpg,normal
normal_frame86970.jpg,normal
normal_frame87000.jpg,normal
normal_frame87030.jpg,normal
normal_frame87060.jpg,normal
normal_frame87090.jpg,normal
normal_frame87120.jpg,normal
normal_frame87150.jpg,normal
normal_frame87180.jpg,normal
normal_frame87210.jpg,normal
normal_frame87240.jpg,normal
normal_frame87270.jpg,normal
normal_frame87300.jpg,normal
normal_frame87330.jpg,normal
normal_frame87360.jpg,normal
normal_frame87390.jpg,normal
normal_frame87420.jpg,normal
normal_frame87450.jpg,normal
normal_frame87480.jpg,normal
normal_frame87510.jpg,normal
normal_frame87540.jpg,normal
normal_frame87570.jpg,normal
normal_frame87600.jpg,normal
normal_frame87630.jpg,normal
normal_frame87660.jpg,normal
normal_frame87690.jpg,normal
normal_frame87720.jpg,normal
normal_frame87750.jpg,normal
normal_frame87780.jpg,normal
normal_frame87810.jpg,normal
normal_frame87840.jpg,normal
normal_frame87870.jpg,normal
normal_frame87900.jpg,normal
normal_frame87930.jpg,normal
normal_frame87960.jpg,normal
normal_frame87990.jpg,normal
normal_frame88020.jpg,normal
normal_frame88050.jpg,normal
normal_frame88080.jpg,normal
normal_frame88110.jpg,normal
normal_frame88140.jpg,normal
normal_frame88170.jpg,normal
normal_frame88200.jpg,normal
normal_frame88230.jpg,normal
normal_frame88260.jpg,normal
normal_frame88290.jpg,normal
normal_frame88320.jpg,normal
normal_frame88350.jpg,normal
normal_frame88380.jpg,normal
normal_frame88410.jpg,normal
normal_frame88440.jpg,normal
normal_frame88470.jpg,normal
normal_frame88500.jpg,normal
normal_frame88530.jpg,normal
normal_frame88560.jpg,normal
normal_frame88590.jpg,normal
normal_frame88620.jpg,normal
normal_frame88650.jpg,normal
normal_frame88680.jpg,normal
normal_frame88710.jpg,normal
normal_frame88740.jpg,normal
normal_frame88770.jpg,normal
normal_frame88800.jpg,normal
normal_frame88830.jpg,normal
normal_frame88860.jpg,normal
normal_frame88890.jpg,normal
normal_frame88920.jpg,normal
normal_frame88950.jpg,normal
normal_frame88980.jpg,normal
normal_frame89010.jpg,normal
normal_frame89040.jpg,normal
normal_frame89070.jpg,normal
normal_frame89100.jpg,normal
normal_frame89130.jpg,normal
normal_frame89160.jpg,normal
normal_frame89190.jpg,normal
normal_frame89220.jpg,normal
normal_frame89250.jpg,normal
normal_frame89280.jpg,normal
normal_frame89310.jpg,normal
normal_frame89340.jpg,normal
normal_frame89370.jpg,normal
normal_frame89400.jpg,normal
normal_frame89430.jpg,normal
normal_frame89460.jpg,normal
normal_frame89490.jpg,normal
normal_frame89520.jpg,normal
normal_frame89550.jpg,normal
normal_frame89580.jpg,normal
normal_frame89610.jpg,normal
normal_frame89640.jpg,normal
normal_frame89670.jpg,normal
normal_frame89700.jpg,normal
normal_frame89730.jpg,normal
normal_frame89760.jpg,normal
normal_frame89790.jpg,normal
normal_frame89820.jpg,normal
normal_frame89850.jpg,normal
normal_frame89880.jpg,normal
normal_frame89910.jpg,normal
normal_frame89940.jpg,normal
normal_frame89970.jpg,normal
normal_frame90000.jpg,normal
normal_frame90030.jpg,normal
normal_frame90060.jpg,normal
normal_frame90090.jpg,normal
normal_frame90120.jpg,normal
normal_frame90150.jpg,normal
normal_frame90180.jpg,normal
normal_frame90210.jpg,normal
normal_frame90240.jpg,normal
normal_frame90270.jpg,normal
normal_frame90300.jpg,normal
normal_frame90330.jpg,normal
normal_frame90360.jpg,normal
normal_frame90390.jpg,normal
normal_frame90420.jpg,normal
normal_frame90450.jpg,normal
normal_frame90480.jpg,normal
normal_frame90510.jpg,normal
normal_frame90540.jpg,normal
normal_frame90570.jpg,normal
normal_frame90600.jpg,normal
normal_frame90630.jpg,normal
normal_frame90660.jpg,normal
normal_frame90690.jpg,normal
normal_frame90720.jpg,normal
normal_frame90750.jpg,normal
normal_frame90780.jpg,normal
normal_frame90810.jpg,normal
normal_frame90840.jpg,normal
normal_frame90870.jpg,normal
normal_frame90900.jpg,normal
normal_frame90930.jpg,normal
normal_frame90960.jpg,normal
normal_frame90990.jpg,normal
normal_frame91020.jpg,normal
normal_frame91050.jpg,normal
normal_frame91080.jpg,normal
normal_frame91110.jpg,normal
normal_frame91140.jpg,normal
normal_frame91170.jpg,normal
normal_frame91200.jpg,normal
normal_frame91230.jpg,normal
normal_frame91260.jpg,normal
normal_frame91290.jpg,normal
normal_frame91320.jpg,normal
normal_frame91350.jpg,normal
normal_frame91380.jpg,normal
normal_frame91410.jpg,normal
normal_frame91440.jpg,normal
normal_frame91470.jpg,normal
normal_frame91500.jpg,normal
normal_frame91530.jpg,normal
normal_frame91560.jpg,normal
normal_frame91590.jpg,normal
normal_frame91620.jpg,normal
normal_frame91650.jpg,normal
normal_frame91680.jpg,normal
normal_frame91710.jpg,normal
normal_frame91740.jpg,normal
normal_frame91770.jpg,normal
normal_frame91800.jpg,normal
normal_frame91830.jpg,normal
normal_frame91860.jpg,normal
normal_frame91890.jpg,normal
normal_frame91920.jpg,normal
normal_frame91950.jpg,normal
normal_frame91980.jpg,normal
normal_frame92010.jpg,normal
normal_frame92040.jpg,normal
normal_frame92070.jpg,normal
